lng	lat	count
100.239203	25.596459	1
101.367746	37.097115	2
101.544792	37.031922	2
101.807932	36.603364	1
102.589645	24.657892	2
102.649386	37.912638	2
102.758790	25.044632	1
102.868870	35.707540	1
104.137107	36.540416	3
104.597537	35.598579	2
104.598959	35.601398	2
104.919120	28.577081	4
105.579595	30.494222	1
105.728920	29.694178	1
105.730637	29.693733	1
105.730988	29.693575	1
105.944168	32.750278	6
106.393204	29.805004	1
106.685974	35.548294	1
106.742291	35.510094	3
107.076268	29.834057	2
107.893684	27.227383	1
108.202599	22.824173	1
108.203575	22.824188	1
108.250114	22.839777	1
108.797790	37.593099	5
108.998596	34.230686	2
109.491394	36.641479	1
109.548340	34.741577	2
110.104691	19.443855	1
110.325077	20.020831	2
110.365318	21.267067	1
110.370186	20.001625	1
110.370506	21.273991	1
110.401176	23.531629	2
110.485893	29.112179	1
110.494332	24.774009	1
111.093666	38.983006	6
111.521246	35.957044	2
111.613788	26.453165	2
111.694595	29.007696	3
111.706398	40.814423	1
111.977531	29.210503	13
112.094864	32.687939	1
112.165024	32.082275	1
112.184039	36.384682	2
112.317790	35.602847	2
112.343384	28.519375	1
112.374702	26.965069	2
112.614731	22.871038	1
112.682017	37.689463	2
112.797104	21.952936	6
112.859001	35.490705	1
112.975662	28.203093	1
113.114070	35.182188	5
113.205589	23.487158	1
113.210312	22.869017	1
113.229973	23.177578	3
113.234642	23.071959	2
113.237717	22.029562	1
113.254570	22.844011	1
113.258842	23.090027	1
113.268276	35.247484	1
113.323715	23.258905	1
113.329094	23.148985	1
113.341250	28.264000	1
113.516296	27.640179	1
113.529762	22.236731	1
113.643555	34.746300	2
113.643730	34.732414	1
113.699661	23.273018	1
113.701118	22.793772	1
113.743721	23.007908	1
113.831855	34.544010	1
113.931908	22.767471	4
114.342636	30.543503	2
114.355743	30.476288	1
114.429039	23.112995	1
114.794567	24.903079	1
115.185356	23.629580	1
115.467734	35.248876	1
115.539097	35.259223	3
115.603584	33.151779	1
115.994774	29.879175	1
116.086774	23.876759	1
116.378621	39.988985	1
116.665648	40.129545	1
116.668457	28.987206	1
116.858978	38.322361	1
117.154955	37.304293	2
117.527415	27.904356	1
117.576180	34.857733	2
117.824478	29.261425	1
118.252571	39.654491	1
118.522666	31.685600	1
118.605629	24.817570	1
118.694406	41.007432	2
118.725296	31.016052	2
118.769296	24.868855	1
118.770221	32.062419	2
118.971367	32.127522	10
119.408684	32.197304	7
119.489322	35.430823	2
119.550217	32.419056	4
119.662103	26.236570	7
119.714344	36.996131	1
119.810791	32.074722	3
119.816321	32.234714	2
119.914993	31.775595	2
119.940666	32.485519	13
119.948924	31.780371	2
120.130630	30.372765	2
120.158577	30.368212	4
120.209923	31.689707	1
120.279053	31.534618	1
120.336639	36.067135	1
120.345184	31.627510	4
120.562698	31.628004	1
120.571838	27.992260	1
120.626448	30.890944	6
120.633517	31.272339	1
120.672997	29.220942	2
120.715620	37.986414	1
120.763651	27.970066	2
120.766823	27.968629	2
120.907478	32.023331	1
120.917767	31.036876	1
120.925139	31.113129	1
120.970459	31.293432	1
120.971390	31.297768	1
120.999977	30.145275	1
121.010518	30.884625	2
121.013881	30.892740	1
121.013939	31.107574	2
121.014694	30.892261	1
121.016342	30.895294	1
121.017357	30.892636	1
121.019869	30.894771	1
121.019983	30.895189	1
121.020252	30.896021	1
121.020294	30.896036	1
121.020513	30.895968	1
121.020585	30.895961	1
121.021512	30.889968	1
121.023455	30.893421	1
121.026236	30.892365	2
121.028343	30.892189	2
121.034042	31.131633	3
121.034123	31.127676	1
121.035245	31.128173	1
121.035665	31.134108	1
121.036456	31.135150	1
121.042870	31.118286	1
121.046058	31.119174	1
121.048256	31.116659	1
121.048523	31.036890	2
121.049711	31.122116	1
121.051473	31.106391	1
121.051974	31.107872	1
121.059238	31.107252	2
121.060167	31.108612	1
121.062500	31.110083	1
121.064171	31.108440	1
121.065626	31.110708	1
121.071381	31.116674	1
121.076508	30.871828	1
121.077698	30.870222	1
121.077988	30.870399	1
121.078064	30.870401	1
121.078184	30.869245	1
121.078285	30.870106	1
121.078293	30.870087	1
121.078300	30.870068	1
121.078300	30.870075	1
121.078308	30.870049	1
121.078720	30.869011	1
121.078789	30.869049	1
121.078819	30.869061	1
121.082545	31.255508	1
121.086353	31.158725	1
121.088070	31.160281	1
121.091989	31.156194	2
121.092760	31.167640	24
121.094022	31.135152	1
121.094144	31.147325	1
121.094188	31.144882	6
121.094194	31.148562	3
121.094492	31.147987	4
121.094511	31.147584	1
121.094517	31.148620	2
121.094567	31.147371	1
121.094672	31.148213	3
121.094849	31.147705	2
121.094946	31.147449	2
121.094951	31.212824	2
121.095044	31.148329	1
121.095270	31.147752	2
121.095533	31.165792	2
121.095570	31.167553	1
121.095666	31.147620	3
121.095681	31.147672	4
121.095793	31.167069	1
121.096062	31.147704	1
121.097291	31.142464	1
121.097519	31.142058	1
121.098276	31.140400	1
121.098600	31.256675	1
121.099028	31.141716	1
121.099579	31.213654	3
121.099729	31.146893	1
121.100716	31.145073	1
121.100966	31.131366	1
121.102010	31.171268	5
121.102108	31.147382	1
121.102193	31.133331	1
121.102487	31.154763	1
121.102990	31.158262	1
121.103016	31.160718	1
121.103344	31.152378	1
121.104168	31.152003	1
121.104821	31.153086	1
121.106459	31.162142	1
121.106562	31.161739	1
121.106941	31.152573	1
121.107248	31.141149	1
121.108088	31.157502	1
121.108147	31.156284	1
121.108229	31.156517	1
121.108574	31.152334	1
121.108583	31.152115	1
121.108656	31.155324	1
121.109563	31.142996	1
121.109693	31.154841	1
121.110083	31.151566	1
121.110084	31.154373	1
121.110102	31.152824	1
121.110195	31.154139	1
121.110873	31.140212	1
121.110883	31.152133	1
121.111048	31.157087	1
121.111964	31.152763	1
121.114113	31.145077	1
121.114390	31.158847	2
121.114610	31.160530	1
121.115140	31.152000	1
121.115730	30.046570	5
121.115939	31.158952	3
121.116038	31.148809	1
121.116120	31.154971	1
121.116294	31.154873	1
121.116462	31.152062	1
121.116980	31.154454	1
121.117335	31.154398	1
121.117970	31.146620	1
121.118168	31.146062	1
121.118956	31.135944	1
121.119102	31.145084	1
121.119250	31.147583	1
121.119470	31.146360	1
121.119621	31.142650	1
121.119921	31.146471	1
121.119928	31.143208	1
121.120004	31.157661	1
121.120054	31.195216	1
121.120348	31.143233	1
121.120473	31.155617	1
121.120541	31.155350	1
121.120653	31.145837	1
121.120801	31.154998	1
121.120948	31.154734	1
121.121043	31.158403	1
121.121102	31.143941	1
121.121613	31.285419	1
121.121619	31.285418	1
121.122160	31.151968	1
121.122318	31.284338	1
121.122868	31.144293	1
121.122872	31.143376	1
121.123767	31.143986	1
121.124104	31.145765	1
121.124178	31.150681	2
121.124300	31.283540	1
121.124501	31.145059	1
121.124597	31.143698	2
121.124615	31.144225	1
121.125840	31.176660	1
121.125983	31.156334	1
121.127000	31.145917	1
121.127342	31.139860	1
121.131164	31.157130	1
121.131421	31.144459	1
121.131947	31.143756	1
121.131984	31.279946	1
121.133461	31.143797	1
121.133873	31.146219	1
121.134006	31.182367	1
121.135666	31.259567	1
121.136279	31.146821	1
121.136357	31.145310	1
121.136966	31.146667	1
121.137292	31.278368	1
121.137656	31.270446	1
121.137658	31.270447	1
121.137702	31.270689	1
121.140099	31.257908	1
121.141449	31.276350	1
121.141658	31.272234	1
121.141773	31.271933	1
121.142763	31.271726	1
121.142825	31.271828	1
121.142856	31.272008	1
121.143077	31.259203	2
121.147042	31.379255	1
121.147199	31.158857	1
121.148653	31.162543	3
121.149926	31.304467	1
121.150090	31.303581	1
121.150276	31.382366	1
121.150713	31.349051	7
121.150806	31.303689	1
121.151238	31.304205	1
121.152139	31.296506	1
121.153244	31.307248	1
121.153412	31.163725	2
121.153938	31.292975	1
121.154215	31.301125	1
121.154292	31.292090	1
121.154345	31.301126	1
121.154771	31.296241	1
121.155208	31.365826	1
121.157021	30.891054	1
121.157173	30.891041	1
121.157195	31.156853	1
121.157381	31.297753	1
121.157437	30.891346	1
121.158087	31.291246	1
121.158150	30.891062	1
121.158195	31.291245	4
121.158371	31.296969	6
121.158454	31.290488	1
121.158513	31.291086	112
121.158706	31.289680	1
121.158710	31.290728	1
121.158725	31.289590	1
121.158726	31.289737	1
121.158775	31.295020	1
121.158818	31.290255	1
121.158877	31.289765	1
121.158888	31.278796	4
121.159062	30.902368	1
121.159263	31.278821	2
121.159269	31.292114	1
121.159286	30.897943	1
121.159300	31.277850	1
121.159325	31.299000	1
121.159400	31.290864	19
121.159419	31.300152	1
121.159424	30.886621	1
121.159447	31.289959	1
121.159526	31.278049	1
121.159578	31.290205	14
121.159737	30.885403	1
121.159774	31.278855	2
121.159801	31.279028	1
121.160142	30.904744	1
121.160158	30.902364	1
121.160220	30.885381	1
121.160244	31.290792	1
121.160388	30.884877	1
121.160500	30.885500	1
121.160595	30.895723	1
121.160782	30.886423	1
121.160801	30.900132	1
121.160943	30.886598	2
121.161011	30.885235	1
121.161132	30.888544	1
121.161316	30.886099	1
121.161344	30.885645	1
121.161346	31.364904	1
121.161388	31.298718	1
121.161420	31.299674	1
121.161422	30.886596	1
121.161705	30.888941	1
121.161720	30.888865	1
121.161728	30.887035	1
121.161731	31.298068	1
121.161781	30.886168	1
121.161896	30.887407	1
121.161964	30.887268	1
121.162053	31.365063	1
121.162369	30.901498	1
121.162817	30.885523	1
121.165039	31.139881	2
121.165604	31.290654	1
121.165684	30.885102	1
121.165770	31.292113	1
121.165908	30.884437	1
121.166144	30.884814	1
121.166184	30.901197	1
121.166317	30.887917	1
121.166489	31.287271	1
121.166510	30.886941	2
121.166522	30.901201	1
121.166538	30.900622	1
121.166618	30.886068	2
121.166631	31.362814	1
121.166677	30.898687	2
121.166687	30.884128	1
121.166749	30.883518	1
121.166890	30.886049	1
121.166991	31.294038	1
121.167226	30.878574	1
121.167239	30.880387	2
121.167278	31.287403	1
121.167328	30.886875	1
121.167405	30.881569	2
121.167475	30.885697	1
121.167511	30.886496	6
121.167610	30.880400	2
121.167615	30.882629	1
121.167824	30.886526	1
121.167831	31.269133	1
121.167871	30.883094	1
121.167946	30.886166	1
121.167946	30.893425	1
121.167997	30.883085	1
121.168304	30.886103	1
121.168439	30.886613	1
121.168442	31.287639	1
121.168472	30.894239	1
121.168825	30.899206	2
121.168869	30.886204	1
121.168877	30.905877	1
121.168900	30.886501	1
121.169106	30.886999	1
121.169106	30.887066	1
121.169128	30.887020	1
121.169136	30.886648	1
121.169140	30.904914	1
121.169197	30.884317	1
121.169221	30.886936	3
121.169228	30.885103	1
121.169235	30.886909	3
121.169235	30.886910	6
121.170715	30.886440	1
121.170967	30.886406	1
121.171066	30.886410	1
121.171269	36.779116	1
121.171341	30.878936	1
121.171471	30.899620	1
121.171608	30.885900	2
121.171745	30.886083	3
121.172243	31.270722	1
121.172490	30.886182	1
121.172936	30.886162	3
121.173030	30.885984	1
121.173194	31.353701	1
121.173798	30.889469	2
121.173845	31.353106	1
121.174015	30.901824	1
121.174408	31.270123	1
121.174409	31.270123	1
121.174473	31.353307	1
121.174850	31.270321	2
121.174866	31.268888	1
121.175095	31.551830	1
121.175240	31.269758	1
121.175591	31.269676	1
121.175606	31.269066	1
121.175674	31.270035	1
121.175959	30.903931	1
121.176582	31.269108	1
121.176689	31.269300	3
121.177174	31.362015	1
121.177564	31.361633	1
121.179021	31.360482	1
121.179070	31.360439	1
121.179331	31.285863	4
121.179344	30.896726	1
121.179377	31.285702	3
121.179395	31.286256	6
121.179430	31.027300	1
121.179432	31.284924	1
121.179750	31.047918	1
121.179758	31.286169	11
121.179770	31.285585	3
121.180000	31.284351	1
121.180075	31.285671	8
121.180102	31.284933	1
121.180119	31.286216	6
121.180168	30.291433	2
121.180305	31.284845	1
121.180601	30.831000	1
121.180605	30.830986	1
121.180639	31.284805	3
121.180746	31.284093	3
121.180875	30.830454	1
121.180918	31.284818	1
121.180962	31.026384	1
121.181168	31.284140	1
121.182579	31.025484	1
121.182625	31.032028	1
121.182686	31.029051	1
121.183058	31.194652	1
121.183149	31.194348	2
121.183490	31.025425	1
121.184496	31.043038	1
121.184885	31.038157	1
121.184916	31.047715	1
121.185026	31.046279	1
121.185211	31.036989	1
121.185246	31.045365	1
121.185507	31.045847	1
121.185663	31.193822	1
121.185734	31.193948	1
121.185852	31.049443	1
121.185900	31.028440	1
121.185917	31.194000	1
121.185975	31.193933	1
121.186066	31.193932	1
121.186121	31.042486	1
121.186564	31.203073	1
121.187428	31.010153	1
121.187448	31.012852	1
121.187541	31.011390	1
121.187630	31.204033	11
121.187866	31.194319	1
121.188207	31.012364	1
121.188301	31.033719	1
121.188536	31.194064	1
121.188556	31.016358	3
121.188713	30.828646	1
121.188971	31.010885	1
121.189096	31.015490	1
121.189340	31.015084	1
121.189451	31.025363	1
121.189704	31.014344	1
121.189845	31.013652	1
121.190125	31.046873	1
121.190477	31.041819	1
121.190630	30.266355	1
121.190708	31.042367	1
121.191139	31.897404	1
121.191258	31.293175	1
121.191505	31.043392	1
121.192470	31.042736	1
121.192705	31.010342	1
121.193176	31.160435	1
121.193319	31.023209	1
121.193519	31.011519	1
121.193587	31.156621	1
121.193622	31.042884	1
121.194350	31.034246	1
121.194504	31.043978	1
121.194586	31.033260	1
121.194737	31.156289	1
121.194862	31.042717	1
121.194924	30.789605	1
121.195093	31.023882	1
121.195738	31.019020	1
121.195901	31.019271	2
121.196476	31.018178	1
121.196621	31.012994	1
121.197061	31.019462	2
121.197091	31.016025	1
121.197340	31.019446	1
121.197657	31.023367	1
121.197891	31.058686	1
121.198780	31.160066	1
121.199211	31.043011	1
121.199227	31.369852	3
121.199402	31.017878	1
121.199661	31.151522	1
121.199756	31.016936	1
121.200104	31.293915	1
121.200546	31.008132	1
121.200571	31.024841	1
121.201195	31.025526	2
121.201279	31.012463	1
121.201393	31.021101	2
121.201455	31.007868	1
121.202251	31.012244	1
121.203233	31.015094	1
121.203870	31.019265	2
121.204219	31.019257	3
121.204640	31.019257	1
121.206179	31.012452	1
121.206389	31.019209	1
121.206401	31.006819	1
121.206435	31.018377	1
121.206580	31.017500	1
121.206672	31.012461	1
121.206734	31.013015	1
121.206817	31.012459	1
121.206847	31.023850	1
121.206950	31.012344	2
121.207006	31.017179	1
121.207290	31.033910	1
121.207379	31.012455	1
121.207517	31.010621	1
121.207540	31.012461	1
121.207930	31.012729	1
121.208023	31.012461	1
121.208110	31.041454	1
121.208118	31.013031	1
121.208215	31.011782	1
121.208313	31.012461	1
121.208373	31.012464	1
121.208422	31.402574	1
121.208700	31.038976	1
121.209130	31.042989	1
121.209645	31.041749	1
121.209831	31.033960	1
121.209908	31.032600	1
121.210693	31.429617	1
121.210851	31.002941	1
121.211271	30.892427	1
121.211746	31.279066	1
121.212567	31.032817	3
121.212610	31.037800	1
121.213038	31.038338	2
121.213126	31.038141	1
121.213163	31.033791	1
121.213203	31.002312	1
121.213455	31.037935	1
121.213564	31.033866	1
121.213893	31.032919	1
121.214030	31.038369	1
121.214148	31.010733	1
121.214249	31.002594	1
121.214415	31.012018	1
121.214569	31.003004	1
121.214626	31.002424	1
121.214688	31.002740	1
121.214922	31.033697	1
121.214968	31.273903	1
121.215057	31.033447	1
121.215066	31.002899	1
121.215137	31.003478	1
121.215224	31.032859	6
121.215404	31.002391	1
121.215779	31.021074	1
121.216274	31.002105	2
121.216296	31.038196	1
121.219849	31.382647	13
121.220657	31.381243	2
121.220701	31.001644	1
121.220948	31.286992	1
121.221237	31.288790	1
121.221344	31.015926	1
121.221435	31.381024	1
121.222256	31.017367	1
121.222633	31.381250	1
121.222707	31.014635	1
121.222717	31.381475	1
121.223729	31.027066	1
121.223796	31.012626	1
121.224154	31.003093	1
121.224214	31.055468	11
121.224422	31.055167	1
121.224679	31.027918	1
121.224949	31.055427	1
121.225113	31.227615	1
121.225143	31.387050	1
121.225215	31.055369	1
121.225411	31.012742	1
121.225624	31.014275	1
121.225640	31.144899	1
121.225655	31.012248	1
121.225674	30.786510	1
121.225751	31.013784	1
121.225865	31.026698	1
121.225888	30.787038	1
121.225904	31.241511	1
121.225915	31.013231	1
121.225972	31.269096	1
121.226113	31.054829	3
121.226301	31.121412	1
121.226672	31.143001	2
121.226750	31.143625	1
121.226994	31.377841	3
121.227112	31.141157	1
121.227203	31.377795	2
121.227747	31.032243	9
121.227862	31.054302	1
121.227885	31.225123	1
121.227909	31.053638	1
121.228064	31.054307	1
121.228096	31.004859	1
121.228100	31.225134	2
121.228127	31.224524	1
121.228172	31.061262	1
121.228325	31.062640	1
121.228407	31.378593	2
121.228579	31.054409	1
121.228882	31.004799	1
121.228951	31.378951	1
121.229053	31.002568	19
121.229131	31.377076	1
121.229358	31.015409	1
121.229473	31.226418	3
121.229700	31.197697	1
121.229723	31.377161	1
121.229833	31.226671	6
121.229842	31.051999	1
121.229898	31.051992	1
121.230082	31.224453	1
121.230113	31.226477	3
121.230266	31.226851	3
121.230274	31.004532	2
121.230309	31.012434	1
121.230400	31.050184	1
121.230419	31.050027	2
121.230446	31.226175	1
121.230549	31.051184	1
121.230585	31.226705	2
121.230704	31.109762	1
121.230749	31.063115	1
121.230772	31.225650	1
121.231110	31.237503	7
121.231169	31.226851	1
121.231235	31.226580	1
121.231364	31.027350	1
121.231663	31.226957	3
121.231856	31.106696	1
121.231937	31.104700	1
121.232048	31.107315	1
121.232071	31.226748	2
121.232430	31.104525	1
121.232522	31.101721	3
121.232677	31.038988	1
121.232697	31.102198	1
121.232800	31.039250	1
121.232864	31.040403	1
121.232897	31.101245	1
121.232955	31.039739	1
121.232979	31.102553	1
121.233017	31.039385	1
121.233102	31.231369	3
121.233115	31.062063	1
121.233118	31.114048	1
121.233134	31.101266	1
121.233147	31.060887	1
121.233206	31.039007	1
121.233398	31.060322	1
121.233414	31.019367	1
121.233419	31.107354	1
121.233441	31.374551	1
121.233461	31.039171	2
121.233471	31.102765	2
121.233536	31.049976	1
121.233553	31.039389	2
121.233581	31.039390	2
121.233635	31.027349	1
121.233663	31.039390	1
121.233825	31.034921	1
121.233884	31.062565	1
121.233893	31.038828	1
121.233949	31.102841	2
121.233951	31.102392	2
121.233957	31.039393	1
121.234004	31.041734	1
121.234034	31.010506	1
121.234193	31.102408	1
121.234229	31.108603	1
121.234371	31.102892	5
121.234425	31.102420	1
121.234444	31.107154	1
121.234600	31.038373	1
121.234600	31.039218	1
121.234604	31.107798	1
121.234655	31.102925	8
121.234699	31.103376	4
121.234728	31.004300	2
121.234911	31.103392	7
121.234956	31.102657	8
121.234969	31.102449	7
121.235008	31.107244	1
121.235073	31.102989	4
121.235106	31.012743	1
121.235135	31.103437	3
121.235171	31.230898	1
121.235224	31.102989	6
121.235364	31.108807	2
121.235441	31.032957	1
121.235596	31.011009	1
121.235763	31.033667	3
121.235795	31.106860	1
121.235809	31.011469	1
121.235886	31.062944	1
121.235901	31.062372	1
121.235909	31.104313	1
121.235929	31.023401	1
121.235967	31.013237	1
121.236072	31.106900	1
121.236177	31.106446	1
121.236432	31.381604	1
121.236449	31.104535	1
121.236667	31.018515	1
121.236839	31.058842	1
121.237171	31.372174	1
121.237394	31.047922	1
121.237444	31.372047	1
121.237503	31.003239	1
121.237689	31.391042	2
121.237727	31.049023	1
121.237738	31.104372	2
121.237795	31.344205	1
121.237939	31.010331	1
121.238035	31.346190	6
121.238114	31.015773	1
121.238227	31.016594	1
121.238271	31.349423	5
121.238274	31.044226	1
121.238418	31.367873	1
121.238423	31.013917	2
121.238466	31.044248	1
121.238534	31.370122	1
121.238862	31.042963	1
121.239109	31.107738	1
121.239184	31.108969	1
121.239185	31.002598	1
121.239248	31.367722	1
121.239341	31.391097	1
121.239483	31.342484	42
121.239506	31.012290	1
121.239687	31.016797	1
121.239731	31.373604	2
121.239755	31.367998	1
121.239960	31.390842	1
121.239976	31.342146	1
121.240132	31.370519	1
121.240409	31.016824	2
121.240431	31.016505	1
121.240463	31.011614	1
121.240668	31.345764	5
121.240886	31.345360	2
121.240974	31.345890	3
121.241040	31.344091	20
121.241097	31.344979	1
121.241244	31.377434	1
121.241352	31.345956	7
121.241615	31.058550	1
121.241688	31.346117	7
121.241814	31.232683	8
121.241887	31.343831	1
121.241924	31.345579	10
121.242030	31.012541	1
121.242083	31.343384	12
121.242137	31.345697	15
121.242216	31.344113	2
121.242243	31.342889	14
121.242356	31.372961	1
121.242368	31.343708	8
121.242466	31.343207	11
121.242669	31.373549	1
121.242723	31.403485	1
121.242739	31.002580	1
121.242875	31.343232	11
121.242952	31.344372	1
121.242979	31.344105	13
121.243142	31.349735	1
121.243168	31.376978	1
121.243267	31.343352	11
121.243273	31.169508	1
121.243296	30.969738	3
121.243316	31.343880	11
121.243418	31.365468	1
121.243577	31.343842	14
121.243762	31.375438	1
121.243927	31.065329	1
121.243981	31.001554	1
121.244040	31.350096	2
121.244367	31.350368	1
121.244400	31.058247	1
121.245410	31.015340	1
121.245583	31.369751	1
121.245911	31.382575	1
121.246040	31.066107	1
121.246176	31.369390	1
121.246415	31.020427	1
121.246517	31.065162	3
121.246697	31.064916	1
121.246880	31.006540	1
121.246932	31.065162	1
121.246988	31.370128	1
121.247049	31.067363	1
121.247240	31.067152	1
121.247344	31.347519	1
121.247375	31.030336	1
121.247431	31.330975	1
121.247536	31.014790	1
121.247554	31.029492	1
121.247598	31.371300	1
121.247711	31.031221	1
121.247806	31.028654	1
121.247886	31.031335	1
121.248001	31.030233	1
121.248106	31.028970	2
121.248215	31.029730	1
121.248489	31.028870	1
121.248555	31.354306	2
121.248582	31.030106	1
121.248594	31.030960	1
121.248785	31.030681	1
121.248830	31.004660	2
121.248875	31.331383	1
121.249026	31.031263	1
121.249362	31.005927	1
121.249682	31.372151	1
121.249826	31.334728	1
121.249960	31.372293	1
121.250000	31.404625	1
121.250337	31.005187	1
121.250519	31.366350	1
121.250532	31.348510	4
121.250656	31.014545	1
121.250893	31.373091	1
121.250904	31.398979	1
121.251047	31.399462	1
121.251065	31.125489	7
121.251165	31.372597	1
121.251171	31.009891	1
121.251250	31.351023	5
121.251460	31.332010	1
121.251480	31.004843	1
121.251885	31.001760	3
121.251934	31.359748	1
121.252078	31.392496	1
121.252263	31.105882	1
121.252380	31.105854	1
121.252407	31.401651	1
121.252536	31.352365	2
121.253029	31.016127	1
121.253164	31.015822	1
121.253308	31.015832	1
121.253357	31.013561	1
121.253540	31.329416	1
121.253600	31.352734	1
121.254051	31.002782	1
121.254717	31.352174	1
121.254998	31.327650	1
121.255153	31.351716	1
121.255721	31.394273	1
121.255756	31.394537	1
121.256371	31.005272	1
121.256677	31.010727	1
121.256740	31.405010	2
121.257208	31.326589	1
121.257213	31.328483	1
121.257321	31.400352	1
121.257360	31.328640	1
121.257440	31.325993	2
121.257444	31.015434	3
121.257447	31.326105	1
121.257765	31.358952	1
121.257873	31.326350	2
121.258008	31.326401	2
121.258817	31.405223	1
121.259103	31.355575	1
121.259140	31.170734	1
121.259842	31.007330	1
121.260495	31.015012	1
121.260646	31.405515	1
121.260918	31.118076	1
121.260941	31.174637	1
121.261288	31.367510	1
121.261347	31.330224	1
121.262181	31.117174	1
121.262314	31.106817	1
121.262398	31.118162	1
121.262601	31.330404	1
121.263092	31.330431	2
121.263098	31.330516	3
121.263113	31.329485	2
121.263166	31.165917	1
121.263184	31.381468	1
121.263202	31.382506	1
121.263313	31.329315	1
121.263481	31.118006	1
121.263521	31.112639	1
121.263588	31.329712	2
121.263733	31.380239	1
121.263924	31.381020	1
121.264008	31.108862	1
121.264137	31.116501	1
121.264597	31.386247	1
121.264954	31.106754	1
121.265280	31.175261	1
121.265300	31.375602	2
121.265927	31.385701	1
121.266132	31.081911	1
121.266216	31.121754	1
121.266273	31.381140	2
121.266348	31.116183	1
121.267541	31.383379	1
121.267810	31.113600	1
121.268120	31.172240	1
121.268196	31.083215	1
121.268265	31.382902	1
121.268822	31.376493	1
121.268837	31.384670	1
121.269081	31.113363	1
121.269390	31.273551	1
121.269892	31.405532	3
121.270058	31.381226	1
121.270073	31.380375	1
121.270271	31.108622	1
121.270500	31.240250	1
121.270573	31.404811	1
121.270665	31.405035	1
121.271172	31.385288	1
121.271347	31.118164	4
121.271584	31.386791	1
121.271883	31.334382	1
121.271886	31.333980	1
121.272023	31.334822	2
121.272179	31.168200	1
121.272200	31.334877	3
121.272361	31.167964	1
121.272528	31.393245	1
121.272559	31.332845	2
121.272822	31.332951	1
121.273217	31.334792	1
121.273448	31.334898	1
121.273827	31.385103	1
121.273882	31.334206	1
121.273950	31.342302	1
121.274304	31.398788	5
121.274307	31.398788	1
121.274311	31.319827	1
121.274506	31.170832	1
121.274650	31.399556	10
121.274651	31.399555	3
121.274748	31.399149	1
121.274780	31.169569	1
121.274864	31.334633	1
121.274993	31.169647	1
121.275171	31.169400	1
121.275284	31.169209	1
121.275361	31.399224	5
121.275413	31.399635	17
121.276010	31.167663	1
121.276218	31.173255	1
121.276585	31.379995	1
121.276711	31.379559	1
121.276755	31.084449	1
121.277308	31.161879	1
121.277477	31.318517	1
121.278173	31.077340	1
121.278179	31.174002	1
121.278282	31.380335	1
121.278854	31.415330	1
121.278887	31.372937	2
121.278992	31.075428	1
121.279199	31.421299	1
121.279294	31.334055	5
121.279394	31.334289	4
121.279527	31.333163	1
121.279536	31.085665	1
121.279584	31.421146	1
121.279661	31.165304	1
121.279806	31.334972	1
121.280345	31.335000	2
121.280394	31.334462	2
121.280535	31.420949	1
121.280884	31.333163	1
121.280977	31.333466	2
121.281738	31.206726	1
121.282051	31.173116	1
121.282250	31.419105	1
121.283073	31.328329	1
121.283366	31.334884	1
121.284012	31.113575	1
121.284225	31.205069	1
121.284637	31.113831	1
121.284653	31.332527	1
121.284831	31.113961	1
121.284904	31.113642	1
121.284999	31.113934	1
121.285787	31.476066	1
121.285795	31.113939	1
121.285927	31.113817	1
121.286560	31.081253	1
121.286762	31.113655	1
121.286909	31.080112	2
121.287009	31.113900	1
121.287150	31.113927	1
121.288339	31.113904	1
121.288727	31.166611	1
121.288963	31.113504	1
121.290596	31.206728	1
121.290733	31.219585	1
121.290947	31.220221	1
121.291876	31.024154	1
121.293428	31.151502	1
121.293626	31.150932	1
121.293709	31.378622	1
121.294920	31.151655	2
121.294960	31.152859	1
121.295100	31.025665	1
121.295228	31.152267	1
121.295243	31.152804	2
121.295890	31.206924	1
121.296326	31.153116	1
121.297035	31.211910	1
121.297127	31.212543	1
121.297791	31.209738	1
121.298847	31.308637	1
121.299278	31.202658	1
121.299662	31.202585	1
121.300062	31.202962	1
121.300800	31.308251	1
121.301442	31.307432	1
121.301940	31.269925	1
121.303000	31.158250	1
121.303140	31.270590	1
121.303429	31.154709	1
121.304013	31.146205	1
121.304363	31.154953	1
121.304573	31.150229	1
121.304611	31.154219	1
121.305176	31.142271	1
121.305177	31.150144	1
121.305222	31.147949	1
121.305736	31.268508	1
121.305816	31.272591	1
121.305824	31.143412	1
121.306213	31.143431	1
121.306328	31.150461	1
121.306374	31.210749	1
121.306435	31.244629	1
121.306481	31.148389	1
121.306546	31.239984	1
121.306549	31.239985	1
121.306549	31.240282	1
121.306931	31.291920	1
121.307037	31.155497	1
121.307191	31.238862	1
121.307205	31.242587	2
121.307251	31.292076	1
121.307297	31.150800	1
121.307418	31.291953	1
121.307549	31.244707	1
121.307549	31.245894	1
121.307622	31.271846	1
121.307735	31.242100	1
121.308072	31.243637	1
121.308270	31.143711	1
121.308379	31.063792	1
121.308388	31.242844	1
121.308748	31.144427	1
121.309730	31.044895	1
121.310123	31.062937	1
121.310150	31.305066	1
121.310154	31.308792	1
121.310181	31.131150	1
121.310227	31.063143	1
121.310242	31.177340	2
121.310333	31.306817	1
121.310388	30.744685	1
121.310539	31.062776	1
121.310806	31.308231	1
121.311089	31.146179	1
121.311132	31.147748	1
121.311287	31.240398	1
121.311356	31.146217	1
121.311448	31.310882	1
121.311566	31.246204	1
121.311767	30.736547	1
121.311844	31.044261	1
121.311864	31.244657	1
121.312058	30.885602	1
121.312134	31.147562	1
121.312426	31.245136	1
121.312591	31.297021	1
121.312759	31.246253	1
121.312772	31.305139	1
121.312862	31.147325	1
121.312874	30.875118	1
121.313072	31.150709	1
121.313166	31.309881	1
121.313208	31.247155	1
121.313232	30.885574	1
121.313515	31.156147	1
121.313600	31.245480	1
121.313652	30.882734	1
121.313992	30.885193	1
121.314026	31.137697	1
121.314125	31.137285	1
121.314140	31.232480	1
121.314171	31.290171	1
121.314209	31.232421	1
121.314315	31.310906	1
121.314363	30.873529	1
121.314370	31.232490	1
121.314386	31.232618	1
121.314396	31.232744	1
121.314429	31.232435	1
121.314446	31.310509	1
121.314516	31.247283	1
121.314668	31.247311	1
121.314781	31.061712	1
121.314848	31.062400	1
121.314943	30.886251	1
121.314972	30.886138	1
121.314988	30.886054	1
121.315015	30.886222	1
121.315053	31.315849	1
121.315082	31.247396	1
121.315102	31.246826	1
121.315158	30.886213	1
121.315200	31.152090	1
121.315220	31.232520	1
121.315244	31.232507	1
121.315319	31.165268	1
121.315360	31.152130	1
121.315412	31.247157	1
121.315420	30.886220	1
121.315506	31.059880	1
121.315600	30.748801	1
121.315602	31.232716	1
121.315718	30.886427	1
121.315718	31.309372	1
121.315730	31.149500	1
121.315735	31.303381	1
121.315774	31.237593	1
121.315815	30.729196	1
121.316009	31.232498	1
121.316020	31.151520	1
121.316034	30.749066	1
121.316125	31.316449	1
121.316170	31.134567	1
121.316226	31.311628	1
121.316249	30.886698	1
121.316348	30.748752	1
121.316351	30.886646	1
121.316369	31.287013	2
121.316388	30.749195	1
121.316434	31.245844	1
121.316440	31.151460	1
121.316500	31.061515	1
121.316508	30.886798	1
121.316511	31.296304	1
121.316574	31.287519	1
121.316574	31.296879	1
121.316610	31.133147	1
121.316650	31.240503	1
121.316667	30.748386	1
121.316930	31.296738	1
121.316972	31.132125	48
121.317006	30.749295	1
121.317050	30.886976	1
121.317168	31.309850	1
121.317187	30.887023	1
121.317210	30.748959	1
121.317222	30.887049	1
121.317253	31.290646	1
121.317299	31.244886	1
121.317396	31.132816	18
121.317434	31.240209	1
121.317544	30.887148	1
121.317629	30.887268	1
121.317757	31.153557	1
121.317851	31.248828	1
121.317898	31.309452	1
121.317910	30.887366	1
121.317927	30.724669	1
121.317939	31.295174	1
121.318016	31.309446	2
121.318024	31.131352	1
121.318062	31.194304	1
121.318077	31.309946	1
121.318155	31.309669	1
121.318169	31.309515	1
121.318245	31.310127	1
121.318321	31.246032	1
121.318390	31.240240	1
121.318390	31.295395	1
121.318420	31.150471	1
121.318426	31.308959	3
121.318527	31.309521	1
121.318561	31.245483	1
121.318742	31.316281	3
121.318777	31.249143	1
121.318878	31.149515	1
121.318966	31.124616	1
121.318971	31.300500	1
121.318977	31.239443	1
121.318993	31.289639	2
121.319160	31.241517	1
121.319268	31.316919	1
121.319348	31.239108	1
121.319489	31.289280	1
121.319489	31.289968	1
121.319506	30.888019	2
121.319527	31.290009	2
121.319626	31.309471	1
121.319731	31.246874	1
121.319920	31.091617	1
121.319931	31.289530	4
121.320007	31.240664	1
121.320032	31.246876	1
121.320076	31.316939	1
121.320268	31.308525	8
121.320343	31.238735	36
121.320355	31.316976	3
121.320367	31.291095	1
121.320467	31.316350	1
121.320724	31.315534	1
121.320930	31.151620	1
121.321131	31.235201	1
121.321243	31.238726	1
121.321625	31.238903	1
121.321949	31.238638	1
121.321959	31.241416	1
121.322131	31.239115	1
121.322144	31.257642	1
121.322342	31.149420	1
121.322369	31.122826	1
121.322403	31.238558	39
121.322441	31.286562	1
121.322533	31.151060	1
121.322570	31.238920	29
121.322586	31.238621	20
121.322609	31.239317	1
121.322614	31.238874	1
121.322838	31.238308	1
121.322906	31.239494	1
121.323036	31.239254	1
121.323059	31.239599	1
121.323080	31.263040	1
121.323084	31.259098	1
121.323134	31.262185	1
121.323139	31.240823	41
121.323163	31.239314	1
121.323170	31.235916	1
121.323235	31.237328	1
121.323251	31.237886	1
121.323280	31.239315	1
121.323290	31.235831	1
121.323296	31.149673	2
121.323303	31.239328	1
121.323318	31.304657	1
121.323383	31.238293	1
121.323463	31.238949	1
121.323465	31.238871	1
121.323471	31.238789	1
121.323480	31.238230	1
121.323550	31.238720	1
121.323562	31.238279	1
121.323591	31.240650	18
121.323597	31.238284	1
121.323617	31.235800	1
121.323625	31.155952	1
121.323827	31.070375	1
121.323830	31.239449	1
121.323838	31.255681	1
121.323862	31.238956	7
121.323994	31.235747	1
121.324027	31.240257	1
121.324028	31.240255	27
121.324181	31.238827	5
121.324193	31.239382	35
121.324226	31.236984	1
121.324257	31.240524	3
121.324305	31.240700	2
121.324324	31.238075	1
121.324333	31.239437	1
121.324347	31.074175	1
121.324382	31.235707	1
121.324384	31.238880	22
121.324392	31.151446	1
121.324443	31.239457	1
121.324471	31.072502	1
121.324569	31.236318	1
121.324613	31.238427	1
121.324626	30.732309	2
121.324667	31.239347	23
121.324711	31.073474	1
121.324732	31.238998	3
121.324787	30.730293	1
121.324852	31.238517	1
121.324853	31.123981	1
121.324936	31.236414	1
121.324956	31.236469	1
121.324967	31.236030	1
121.324967	31.236519	1
121.324994	31.236592	1
121.324998	31.236113	1
121.325010	31.236138	1
121.325012	31.236647	1
121.325022	31.236167	1
121.325023	31.236674	1
121.325059	31.238504	1
121.325088	31.236351	1
121.325117	31.073779	1
121.325127	31.239626	1
121.325127	31.239639	1
121.325158	31.237009	1
121.325175	31.127269	1
121.325226	31.073788	2
121.325309	31.238813	1
121.325324	31.238506	1
121.325331	31.238480	1
121.325346	30.732986	2
121.325348	31.127296	1
121.325348	31.239206	13
121.325351	31.127296	2
121.325356	31.239469	25
121.325367	31.237047	1
121.325371	31.155966	1
121.325391	31.237121	1
121.325426	31.237201	1
121.325485	31.072184	17
121.325487	31.237359	1
121.325554	31.239479	2
121.325567	31.237606	1
121.325632	31.237997	1
121.325782	31.238670	1
121.325993	30.752750	1
121.326218	31.146288	1
121.326236	30.753515	1
121.326527	31.132015	1
121.326881	31.080397	1
121.327585	31.150811	1
121.327890	31.258500	1
121.327959	31.145986	1
121.328115	31.074556	1
121.328119	31.074548	2
121.328308	31.074646	1
121.328400	31.228188	1
121.328457	31.123482	1
121.328720	31.233015	1
121.328926	31.266294	1
121.328991	31.296346	1
121.328995	31.265692	1
121.329104	31.217954	1
121.329132	31.128565	1
121.329140	31.257730	1
121.329445	31.487425	1
121.329652	31.128007	1
121.329910	31.488605	1
121.330299	31.133169	1
121.330460	31.125441	1
121.330625	31.125187	1
121.330650	31.126017	1
121.330709	31.125187	1
121.330803	31.127923	1
121.330806	31.131950	1
121.330859	31.124564	1
121.330871	31.253959	1
121.331001	30.749289	1
121.331289	31.124778	1
121.331349	31.224213	1
121.331612	31.487612	1
121.332096	30.751955	1
121.332246	30.724990	1
121.332570	31.476351	1
121.332751	30.725103	1
121.333496	31.155006	2
121.333515	31.124263	1
121.333588	31.244495	1
121.333949	31.259041	11
121.334104	31.258346	9
121.334235	31.258772	111
121.334504	31.225866	1
121.334590	31.259906	564
121.334633	31.155439	1
121.334642	31.254142	1
121.334644	31.253341	1
121.335042	30.752235	1
121.335179	31.127863	1
121.335235	31.093688	1
121.335273	31.137692	1
121.335304	31.124758	1
121.335330	31.255521	1
121.335386	31.253891	1
121.335526	30.752117	1
121.335560	31.253029	1
121.335628	31.086462	1
121.335770	31.092527	1
121.335799	30.753147	1
121.336007	31.125825	3
121.336129	31.080108	1
121.336144	30.752623	1
121.336467	30.751448	1
121.336592	31.252762	1
121.336722	30.751566	1
121.336903	31.256369	77
121.336991	31.253640	1
121.337227	31.093825	1
121.337235	30.750451	2
121.337263	31.123851	1
121.337429	31.158684	1
121.337484	31.125194	1
121.337657	31.157079	1
121.337865	31.170337	1
121.337875	31.125729	1
121.337953	30.745998	12
121.338046	31.257764	1
121.338174	30.746082	5
121.338181	31.131517	1
121.338181	31.149637	10
121.338197	31.077230	1
121.338375	31.253760	1
121.338455	31.153297	1
121.338586	30.724030	1
121.338934	31.121686	1
121.339027	31.122231	1
121.339029	30.752668	14
121.339167	30.847125	1
121.339251	31.077064	1
121.339306	30.847393	2
121.339333	31.170347	1
121.339501	31.126097	1
121.339505	30.847523	1
121.339750	30.846219	1
121.340691	31.159563	1
121.340805	31.158199	1
121.340913	31.122023	1
121.340985	31.151161	1
121.341248	31.101791	18
121.341315	31.159208	1
121.341446	31.148674	1
121.341531	31.120947	1
121.341820	31.290743	1
121.341886	31.076354	1
121.341970	30.741991	3
121.341988	31.100950	1
121.342058	31.079211	1
121.342148	31.289415	1
121.342173	30.726769	1
121.342518	31.152848	1
121.342547	31.078250	1
121.342560	31.290281	1
121.342717	30.750470	4
121.342904	30.749995	1
121.343063	31.263453	1
121.343201	31.154608	1
121.343304	31.159819	1
121.343513	31.157190	1
121.343627	31.099777	1
121.343651	31.156153	1
121.343679	30.736173	1
121.343689	31.099943	1
121.343891	31.287045	1
121.343954	31.149394	1
121.344109	31.260145	1
121.344153	31.156964	1
121.344246	31.159460	1
121.344316	30.751460	1
121.344505	31.265083	1
121.344551	30.751844	1
121.344591	30.750692	1
121.344742	31.078960	1
121.344788	31.155092	1
121.344871	31.077546	1
121.344963	31.154356	1
121.344968	31.282979	1
121.345314	31.405153	2
121.345322	31.097378	1
121.345383	31.262578	1
121.345459	31.255024	1
121.345573	31.259407	19
121.346070	31.169731	1
121.346293	31.093424	1
121.346437	31.285086	1
121.346603	31.148531	1
121.346692	31.255151	1
121.346756	31.148294	1
121.346870	31.099321	1
121.346969	31.404346	1
121.346979	31.404863	1
121.347029	31.154451	1
121.347119	31.153755	1
121.347208	31.144893	1
121.347298	31.148617	1
121.347397	31.317690	4
121.347411	31.404662	2
121.347688	30.727319	1
121.347706	31.404269	1
121.347725	31.147470	2
121.347745	31.317257	1
121.347916	31.420399	1
121.348098	31.314936	1
121.348159	31.319103	1
121.348228	31.148830	1
121.348241	31.263642	2
121.348259	31.148510	1
121.348313	31.422078	1
121.348362	31.316948	1
121.348442	31.267487	1
121.348549	31.318449	1
121.348682	30.753493	1
121.348838	31.319148	1
121.348846	31.147045	1
121.348854	31.154413	1
121.348923	31.147469	1
121.348930	31.156406	1
121.348980	31.263373	2
121.348999	31.089849	1
121.349052	31.415001	1
121.349062	31.256544	1
121.349365	31.168701	1
121.349391	31.262775	1
121.349404	31.284534	1
121.349506	30.733112	1
121.349564	31.285511	1
121.349617	31.318874	2
121.349698	31.465985	1
121.349750	31.157417	1
121.349866	31.169946	1
121.350017	31.319122	2
121.350034	31.288571	1
121.350221	31.318138	1
121.350273	31.171425	1
121.350371	31.159479	1
121.350616	31.318082	5
121.350671	31.318782	2
121.350702	31.462169	1
121.350784	31.177570	1
121.350866	31.318547	2
121.350870	31.461778	1
121.350985	31.173449	1
121.350998	30.738362	1
121.351037	31.463468	1
121.351131	31.178246	1
121.351222	31.104341	7
121.351356	31.262049	1
121.351374	31.283977	1
121.351400	31.287368	1
121.351426	31.263176	1
121.351460	31.287010	1
121.351501	31.149115	1
121.351860	31.402313	1
121.352000	31.174321	1
121.352142	31.102148	1
121.352169	31.182088	1
121.352264	31.106014	1
121.352283	30.757552	1
121.352441	31.104472	1
121.352877	31.276726	1
121.352913	31.106810	2
121.352943	31.153002	1
121.352995	31.420182	1
121.353120	31.345296	1
121.353145	31.245052	1
121.353275	30.732125	1
121.353393	30.732078	1
121.353516	30.732367	1
121.353523	31.138506	1
121.353533	31.345541	1
121.353538	30.732380	1
121.353562	30.732392	1
121.353653	31.103754	1
121.353746	30.732257	1
121.353830	31.227761	12
121.353841	31.175609	1
121.354016	31.106292	1
121.354021	30.732634	1
121.354051	30.732651	1
121.354110	30.732475	1
121.354130	30.732550	1
121.354207	31.226826	10
121.354210	31.226826	1
121.354271	31.173927	1
121.354509	31.288427	1
121.354675	31.139309	4
121.354677	31.279209	1
121.354699	30.732984	1
121.354727	31.246807	1
121.354729	31.144085	1
121.354767	29.772266	2
121.354776	31.344666	1
121.354796	30.732801	1
121.354805	31.176371	1
121.354845	31.227714	1
121.354895	31.242564	2
121.355011	31.138510	1
121.355019	31.146059	1
121.355239	30.733118	1
121.355307	30.733159	1
121.355399	31.346148	1
121.355400	30.733200	1
121.355462	31.350427	1
121.355490	30.733230	1
121.355492	31.144793	1
121.355499	31.410736	1
121.355609	31.108235	1
121.355614	31.105833	1
121.355630	31.285780	1
121.355651	30.733350	1
121.355736	31.105167	1
121.355775	30.732125	1
121.355812	31.103930	1
121.355904	31.106594	1
121.355957	31.410450	2
121.355980	31.410919	1
121.356146	31.156166	1
121.356251	31.104769	1
121.356299	31.249089	1
121.356438	31.412701	1
121.356454	31.177183	1
121.356468	31.142830	1
121.356583	31.178785	1
121.356584	31.244484	1
121.356657	30.761077	1
121.356689	31.156111	1
121.356766	31.156477	1
121.356848	31.183227	1
121.356866	31.346516	1
121.356873	31.173100	1
121.357201	31.174326	1
121.357323	31.206678	1
121.357351	31.173693	1
121.357396	31.391575	1
121.357631	31.173732	1
121.357712	31.172392	1
121.357750	31.341375	1
121.357770	31.202987	1
121.357780	31.145756	1
121.357819	31.145430	1
121.357853	31.249377	1
121.358139	31.347183	1
121.358345	31.177322	1
121.358411	31.346616	3
121.358560	30.719420	1
121.358577	31.345737	1
121.358688	31.099997	2
121.358713	31.116557	1
121.358748	31.407360	1
121.358798	31.347237	1
121.358842	31.115948	1
121.358948	31.139158	1
121.359051	31.208631	1
121.359250	31.391089	1
121.359299	31.137789	1
121.359329	31.174405	1
121.359408	31.254287	1
121.359504	31.392133	1
121.359521	31.212548	1
121.359566	31.245389	1
121.359619	31.252745	5
121.359650	31.139793	1
121.359787	31.352345	1
121.359825	31.115812	1
121.359861	31.154640	1
121.359863	31.114859	1
121.359879	31.117828	1
121.359889	31.254327	284
121.359947	31.115845	1
121.360008	31.138958	1
121.360022	31.182402	1
121.360073	31.409029	1
121.360184	31.409702	1
121.360187	31.409702	1
121.360233	31.254068	44
121.360275	31.253672	50
121.360596	31.250104	1
121.360603	31.188259	1
121.360621	31.407202	1
121.360718	31.236282	1
121.360802	31.411608	1
121.360819	31.201827	1
121.360881	31.253047	75
121.360893	31.117379	1
121.360950	31.253850	2
121.360987	31.115189	1
121.361004	31.241773	1
121.361017	31.260413	1
121.361043	31.253230	1
121.361095	31.152212	1
121.361167	31.156284	1
121.361176	31.210573	1
121.361268	31.253417	14
121.361328	31.247280	1
121.361397	31.115294	1
121.361412	31.181757	1
121.361465	31.152390	1
121.361541	31.252092	16
121.361626	31.145052	1
121.361755	31.112709	1
121.361826	31.250673	1
121.361830	31.253005	353
121.361832	31.253630	2
121.362030	31.119716	1
121.362038	31.155987	1
121.362065	31.352717	1
121.362096	31.156350	1
121.362167	31.252516	8
121.362305	31.173544	1
121.362344	31.344481	1
121.362397	31.259986	1
121.362411	31.112902	1
121.362541	31.143835	1
121.362549	31.155802	2
121.362549	31.173133	1
121.362640	31.172578	1
121.362664	31.352252	1
121.362693	31.177292	1
121.362701	31.257452	1
121.362785	31.345879	1
121.362792	31.257422	1
121.362881	31.112936	1
121.362888	31.252160	468
121.362892	31.252161	2
121.362919	31.118101	1
121.363005	31.155722	1
121.363047	31.149515	1
121.363060	31.343245	1
121.363093	31.342556	1
121.363144	31.147043	1
121.363312	31.210455	1
121.363354	31.389310	1
121.363499	31.257109	1
121.363552	31.253181	1
121.363581	31.257064	1
121.363602	31.343494	1
121.363623	31.252949	88
121.363636	31.205088	1
121.363646	31.092375	1
121.363663	31.252617	1
121.363675	31.252585	362
121.363678	31.252058	2
121.363679	31.171488	1
121.363680	31.252059	36
121.363691	31.149594	1
121.363716	31.119444	1
121.363793	31.345998	1
121.363832	31.153110	1
121.363845	31.143211	1
121.364037	31.344582	1
121.364120	31.136683	1
121.364311	31.233194	1
121.364373	31.159010	1
121.364433	31.233484	1
121.364441	31.343864	1
121.364459	31.142250	1
121.364563	31.176506	1
121.364586	31.394865	1
121.364594	31.343208	1
121.364595	31.343209	1
121.364693	31.345463	1
121.364758	31.118311	1
121.364789	31.217570	2
121.364857	31.218570	1
121.365044	31.350807	1
121.365176	31.353101	1
121.365211	31.211606	1
121.365242	31.350893	1
121.365326	31.385089	1
121.365339	31.260523	1
121.365379	31.212736	1
121.365425	31.350964	1
121.365463	31.149343	1
121.365469	31.117920	1
121.365562	31.345295	1
121.365578	31.384018	1
121.365587	30.742401	2
121.365621	31.352152	1
121.365746	31.345379	1
121.365749	31.211783	1
121.365753	31.104250	1
121.365814	31.184317	1
121.365827	31.343476	1
121.365900	31.216369	1
121.365949	31.238382	1
121.365982	31.027592	1
121.366030	31.254349	1
121.366155	31.253373	45
121.366189	31.252054	1
121.366324	31.253550	3
121.366394	31.177355	1
121.366425	31.344074	1
121.366445	31.174210	1
121.366524	31.344042	1
121.366541	31.344784	1
121.366852	31.391197	1
121.366870	31.117624	1
121.366986	31.343984	3
121.367002	31.219251	1
121.367035	31.346012	1
121.367134	31.212391	1
121.367298	31.345226	1
121.367342	31.173879	1
121.367374	31.255604	1
121.367527	31.103749	1
121.367642	31.253175	4
121.367667	31.027852	1
121.367668	31.346224	1
121.367744	31.350096	1
121.367891	31.260331	1
121.367960	31.355984	1
121.368019	31.253113	16
121.368144	31.215081	1
121.368232	31.251765	1
121.368233	31.120813	1
121.368291	31.113757	1
121.368309	31.345696	1
121.368355	31.354065	1
121.368439	31.182304	1
121.368490	31.119221	1
121.368889	31.184566	1
121.368898	31.183670	1
121.368899	31.252861	1
121.368927	31.155933	1
121.368937	31.194152	1
121.368963	31.214520	1
121.369141	31.129723	1
121.369219	31.348769	1
121.369434	31.348456	1
121.369656	31.347094	1
121.369778	31.111358	1
121.370026	31.248781	1
121.370061	31.343277	1
121.370064	31.350780	1
121.370112	31.189823	1
121.370140	31.343187	1
121.370145	31.029800	1
121.370178	31.188807	1
121.370232	31.132259	1
121.370283	31.189265	1
121.370369	31.351305	1
121.370392	31.130257	1
121.370420	31.231787	2
121.370537	31.182945	1
121.370681	31.348755	1
121.370689	30.997852	1
121.370728	31.127613	1
121.370901	31.345936	2
121.370941	31.129293	1
121.371200	31.253874	1
121.371223	31.128145	1
121.371239	31.218981	1
121.371294	31.245774	1
121.371399	31.213566	1
121.371429	31.344054	1
121.371452	31.262343	1
121.371494	31.261902	1
121.371506	31.349428	1
121.371685	31.417515	5
121.371819	31.243491	1
121.371857	31.181805	1
121.372189	31.252688	6
121.372337	31.134039	3
121.372391	31.244978	1
121.372535	31.133544	1
121.372823	31.243363	2
121.372864	31.210901	1
121.372869	31.029227	1
121.373337	31.130056	1
121.373375	31.125326	1
121.373383	31.349409	1
121.373429	31.262018	1
121.373457	31.351685	1
121.373466	31.241203	1
121.373497	31.209505	1
121.373551	31.208742	1
121.373589	31.127586	1
121.373729	31.111829	1
121.374203	31.131929	1
121.374246	31.110359	1
121.374252	31.127197	1
121.374252	31.209576	1
121.374256	31.162991	1
121.374269	31.244733	1
121.374339	31.349788	1
121.374434	31.314071	1
121.374527	31.121527	1
121.374550	31.162540	1
121.374583	31.092122	1
121.374611	31.095745	1
121.374676	31.240425	1
121.374691	31.349261	1
121.374702	31.210521	1
121.374733	31.085745	1
121.374812	31.314293	1
121.375094	31.252826	1
121.375219	31.120787	1
121.375320	31.204071	1
121.375542	31.214130	2
121.375595	31.130007	1
121.375626	31.183409	1
121.376106	31.234596	1
121.376133	31.120270	1
121.376260	31.171882	1
121.376488	31.171341	1
121.376656	31.158194	1
121.376814	31.322935	1
121.377003	31.116471	1
121.377022	31.217361	1
121.377117	31.100557	1
121.377182	31.158138	3
121.377249	31.098666	1
121.377296	31.176258	1
121.377572	31.120542	1
121.377609	31.092945	1
121.377724	31.119579	1
121.377744	31.243467	1
121.377749	31.309335	1
121.377888	31.316429	1
121.377913	31.323560	1
121.378242	31.249809	1
121.378319	31.120487	1
121.378431	31.096856	1
121.378441	31.237593	1
121.378448	31.323879	1
121.378479	31.119390	1
121.378650	31.350974	1
121.378678	31.127562	1
121.378899	31.114850	1
121.379028	31.166786	1
121.379050	31.167085	1
121.379104	31.090448	1
121.379112	31.310211	1
121.379345	31.358269	1
121.379360	31.113857	1
121.379372	31.233050	1
121.379434	31.245399	1
121.379442	31.260718	1
121.379474	31.126324	1
121.379524	31.121986	1
121.379558	31.351444	1
121.379593	31.091528	1
121.379617	31.158742	3
121.379639	31.322960	1
121.379820	31.117158	1
121.379875	31.323137	2
121.380081	31.188103	1
121.380244	31.320362	1
121.380245	31.218575	1
121.380249	31.245623	1
121.380302	31.251045	1
121.380356	31.165907	1
121.380420	31.322534	1
121.380493	31.113981	1
121.380719	31.086954	1
121.380768	31.152801	1
121.380797	31.311264	1
121.380928	31.323054	1
121.380989	31.087056	1
121.381009	31.234177	8
121.381010	31.089099	1
121.381037	31.358943	1
121.381095	31.108386	1
121.381140	31.241454	1
121.381248	31.089476	1
121.381371	31.161133	1
121.381462	31.186399	1
121.381649	31.283590	5
121.381722	31.147386	1
121.381752	31.167223	1
121.381798	31.187595	1
121.381897	31.163340	1
121.381966	31.144878	1
121.382039	31.117539	1
121.382210	31.088470	1
121.382248	30.978048	14
121.382250	31.088220	1
121.382261	31.285888	1
121.382273	31.136300	1
121.382363	31.138316	1
121.382484	31.142565	1
121.382538	31.356651	1
121.382614	31.164438	1
121.382622	31.092463	1
121.382698	31.150393	1
121.382717	31.309893	1
121.382828	31.317133	1
121.382896	31.164558	2
121.382912	31.357285	1
121.382965	31.138680	1
121.383002	31.317449	1
121.383041	31.153933	1
121.383110	31.184923	1
121.383283	31.215884	1
121.383378	31.215799	1
121.383575	31.217623	1
121.383591	31.122313	1
121.383609	31.095880	1
121.383611	31.319316	1
121.383690	31.317614	1
121.383774	31.128519	1
121.383911	31.221149	2
121.383998	31.132492	1
121.384003	31.160448	1
121.384028	31.122500	1
121.384048	31.145889	1
121.384186	31.179489	1
121.384226	31.088617	1
121.384331	31.131311	1
121.384369	31.221257	1
121.384537	31.160524	2
121.384605	31.280890	1
121.384669	31.284081	1
121.384804	31.154943	1
121.384827	31.160355	1
121.384883	31.113092	1
121.384902	31.193179	1
121.384972	31.116819	1
121.384978	31.188331	1
121.384985	31.128724	1
121.384991	31.154832	1
121.385249	31.187105	1
121.385266	31.293553	1
121.385384	31.309771	1
121.385535	31.217900	1
121.385700	31.153236	1
121.385925	31.314215	1
121.386204	30.895213	1
121.386342	31.316943	1
121.386353	31.318743	1
121.386414	31.352833	1
121.386429	31.351202	1
121.386476	31.091076	1
121.386643	31.125457	1
121.386665	31.351778	5
121.386679	31.351661	1
121.386696	31.242348	1
121.386734	31.091179	1
121.386765	31.123034	1
121.386795	31.352064	1
121.386848	31.251243	1
121.386858	31.213750	1
121.386865	31.090920	1
121.386909	31.189013	1
121.386917	31.212978	1
121.387081	31.116245	2
121.387093	31.308462	1
121.387121	31.091328	1
121.387169	31.099533	1
121.387245	31.352180	1
121.387295	31.139441	1
121.387322	31.228958	1
121.387333	31.353281	1
121.387348	31.308940	1
121.387466	30.897982	1
121.387489	31.243778	1
121.387491	31.130258	1
121.387805	31.125735	1
121.387878	31.243522	1
121.387884	31.351893	1
121.387993	31.351852	7
121.388000	31.125813	1
121.388168	31.353357	2
121.388176	31.132469	1
121.388228	31.148887	1
121.388266	31.255977	1
121.388349	30.900626	1
121.388390	31.351936	1
121.388530	31.244819	1
121.388588	31.355686	1
121.388786	31.101576	1
121.388794	31.206102	1
121.388821	31.277021	1
121.388879	31.357108	1
121.388959	31.262633	1
121.389091	31.136076	1
121.389120	31.324012	1
121.389137	31.108820	1
121.389303	31.259529	1
121.389313	31.209183	1
121.389318	31.136376	1
121.389336	31.325514	1
121.389442	31.065951	1
121.389454	31.260287	1
121.389459	31.275507	2
121.389603	31.098295	1
121.389618	31.129694	1
121.389702	31.113989	1
121.389992	31.137119	1
121.390082	31.202880	1
121.390123	31.098541	1
121.390146	31.101427	1
121.390348	31.355137	1
121.390388	31.276929	1
121.390481	31.063881	1
121.390595	31.130051	1
121.390694	31.108772	1
121.390701	31.292891	2
121.390945	31.133652	1
121.390945	31.306698	1
121.391342	30.954533	2
121.391515	30.954037	1
121.391535	30.953928	29
121.391550	31.356250	1
121.391572	31.356244	1
121.391592	31.109692	1
121.391592	31.356143	1
121.391594	31.259382	1
121.391594	31.356164	1
121.391632	31.099230	1
121.391637	31.351749	1
121.391656	31.356023	1
121.391676	31.351794	1
121.391701	30.954596	4
121.391708	31.129894	1
121.391792	31.194357	1
121.391926	31.243736	1
121.391963	31.351870	1
121.391978	31.355337	1
121.392014	31.029461	1
121.392095	30.953746	7
121.392135	31.355071	1
121.392149	30.953249	2
121.392197	31.105184	1
121.392204	31.356396	1
121.392273	31.267268	1
121.392326	31.321655	1
121.392331	30.953379	1
121.392459	31.099074	1
121.392671	30.952754	5
121.392688	31.130450	1
121.392776	31.353544	1
121.392783	30.952521	1
121.392868	31.095367	1
121.392905	31.352455	1
121.393020	31.352485	1
121.393051	31.099400	1
121.393082	31.352783	1
121.393112	31.100210	1
121.393219	31.065937	1
121.393288	31.127216	1
121.393322	31.108597	1
121.393502	31.259439	1
121.393623	31.107620	1
121.393627	31.099520	1
121.393639	31.100475	1
121.393639	31.105530	1
121.393688	31.236277	1
121.393749	31.026516	1
121.393837	31.026630	1
121.393837	31.178946	1
121.393913	31.026151	1
121.393989	31.023899	1
121.394020	31.066216	1
121.394030	31.023471	1
121.394114	31.341823	1
121.394137	31.023499	1
121.394183	31.013883	1
121.394295	31.125053	1
121.394385	31.136809	1
121.394386	31.136808	1
121.394417	31.135086	1
121.394431	31.064593	1
121.394620	31.190859	1
121.394691	31.136560	1
121.395100	31.063910	1
121.395151	31.064036	1
121.395233	31.310696	1
121.395439	31.110693	1
121.395462	31.239986	1
121.395477	31.172850	1
121.395493	31.355906	1
121.395513	31.064045	1
121.395569	31.330452	1
121.395592	31.127085	1
121.395650	31.122310	1
121.395691	31.329916	1
121.395729	31.261650	1
121.395763	31.309553	1
121.395805	31.133869	1
121.395859	31.104781	1
121.395874	31.065504	1
121.395874	31.246750	1
121.395900	31.241539	1
121.395942	31.081761	1
121.396082	31.331217	1
121.396091	31.025523	2
121.396187	31.451191	1
121.396202	31.267534	1
121.396203	31.326141	1
121.396235	31.098576	1
121.396271	31.452749	2
121.396324	31.024102	1
121.396455	31.064598	1
121.396490	31.025600	1
121.396599	31.120264	1
121.396618	31.023395	1
121.396632	31.213177	3
121.396710	31.081120	1
121.396713	31.108937	1
121.396734	31.027078	1
121.396873	31.055592	1
121.397119	31.329038	1
121.397148	31.452129	1
121.397238	31.301443	1
121.397283	31.153921	1
121.397349	31.326719	1
121.397386	31.451762	4
121.397413	31.330170	1
121.397423	31.328619	2
121.397520	31.451540	1
121.397631	31.091778	1
121.397642	31.289367	2
121.397679	31.012777	1
121.397695	31.289629	1
121.397735	31.216094	1
121.397864	31.217186	1
121.397914	31.139001	1
121.397934	31.123528	1
121.398034	31.289299	1
121.398213	31.289441	1
121.398312	31.104513	1
121.398323	31.300438	1
121.398331	31.290030	1
121.398369	31.081743	1
121.398370	31.124381	1
121.398407	31.160313	1
121.398429	31.005583	1
121.398453	31.135633	1
121.398483	31.160332	1
121.398483	31.340227	1
121.398544	31.160055	2
121.398651	31.299629	1
121.398674	31.122448	1
121.398759	31.326248	1
121.398778	31.105858	1
121.398784	31.054842	1
121.398800	31.014247	1
121.398821	31.285946	1
121.398827	31.159456	1
121.398842	31.134182	1
121.398895	31.096266	1
121.398927	31.143769	1
121.398966	31.238837	1
121.398967	31.006632	1
121.399036	31.217687	1
121.399070	31.217698	1
121.399101	31.135777	1
121.399101	31.159630	1
121.399108	31.217704	1
121.399138	31.216827	1
121.399160	31.289028	1
121.399189	31.076051	1
121.399209	31.065732	1
121.399234	31.289931	1
121.399259	31.093266	1
121.399277	31.132671	1
121.399280	31.132367	1
121.399317	31.217626	1
121.399345	31.216368	1
121.399361	31.448542	1
121.399412	31.111941	1
121.399441	31.063063	1
121.399507	31.204864	1
121.399527	31.275827	1
121.399572	31.289445	1
121.399656	31.289581	1
121.399685	31.289546	1
121.399698	31.096486	6
121.399726	31.269412	1
121.399742	31.204691	2
121.399796	31.093636	1
121.399811	31.063463	1
121.399844	31.217805	1
121.399888	31.348892	1
121.399963	31.276045	1
121.399967	31.064929	1
121.400002	31.153702	1
121.400036	31.275724	1
121.400139	31.064518	1
121.400139	31.064519	1
121.400215	31.217963	1
121.400286	31.451087	1
121.400293	31.214313	1
121.400360	31.218033	1
121.400365	31.093854	1
121.400378	31.217906	1
121.400391	31.443392	1
121.400409	31.218035	1
121.400414	31.343803	1
121.400473	31.218049	1
121.400543	31.218054	1
121.400639	31.637529	1
121.400689	31.256441	2
121.400746	31.076247	1
121.400879	31.154379	1
121.400886	31.193529	1
121.400919	31.218099	1
121.400925	31.081713	1
121.400934	31.292642	1
121.400974	31.293099	2
121.400983	31.218104	1
121.400991	31.293629	1
121.401072	31.131543	1
121.401077	31.106716	1
121.401218	30.958865	1
121.401259	31.305380	1
121.401360	31.150139	1
121.401375	31.109373	1
121.401382	31.076181	1
121.401419	31.124952	1
121.401448	31.065411	1
121.401466	31.136066	1
121.401478	31.274765	1
121.401502	31.291709	1
121.401634	31.104973	2
121.401649	31.343126	1
121.401680	31.136478	1
121.401777	31.292102	2
121.401779	31.122257	1
121.401784	31.255771	1
121.401824	31.291330	1
121.401855	31.343458	1
121.401895	31.139261	1
121.401956	31.290906	1
121.401968	31.256190	1
121.402000	31.110966	1
121.402004	31.293761	1
121.402069	31.122808	1
121.402119	31.003576	1
121.402340	31.348933	1
121.402388	31.293556	1
121.402598	31.265727	1
121.402611	31.150019	1
121.402658	31.076664	1
121.402675	31.348751	1
121.402888	31.307154	1
121.403130	31.111233	1
121.403145	31.293537	1
121.403225	31.009112	1
121.403257	31.067430	1
121.403325	31.135165	1
121.403458	31.243205	1
121.403467	31.349213	1
121.403587	31.292278	1
121.403636	31.448811	1
121.403724	31.352150	1
121.403753	31.216449	1
121.403854	31.258656	1
121.403884	31.289501	1
121.403900	31.205669	1
121.403904	31.350041	1
121.403976	31.240095	1
121.404045	31.240156	1
121.404091	31.327070	1
121.404173	31.205333	1
121.404204	31.101616	1
121.404243	31.150501	1
121.404388	31.633684	1
121.404427	31.216253	1
121.404477	31.155903	1
121.404640	31.111591	1
121.404869	31.352100	7
121.404877	31.193331	1
121.404910	31.330189	1
121.404939	31.020051	1
121.404940	31.239410	1
121.405487	31.067568	1
121.405528	31.216924	1
121.405563	31.334373	1
121.405597	31.020661	1
121.405758	31.293786	1
121.405850	31.350137	1
121.405898	31.018797	1
121.405933	31.132548	1
121.405991	31.357506	1
121.406241	31.334869	1
121.406372	31.311754	1
121.406549	31.039744	1
121.406555	31.274765	1
121.406720	31.195148	1
121.406769	31.143044	1
121.406845	31.039552	1
121.406867	31.276838	1
121.406961	31.351616	1
121.407010	31.136749	1
121.407568	31.276604	1
121.407640	31.018710	1
121.407649	31.357091	1
121.407701	31.072334	1
121.407702	31.160572	1
121.407846	31.017579	1
121.407859	31.102006	1
121.408142	31.360285	1
121.408144	31.351702	1
121.408165	31.354763	1
121.408193	31.197546	1
121.408208	31.629770	1
121.408450	31.304644	1
121.408453	31.275272	1
121.408466	31.140852	1
121.408612	31.022346	1
121.408664	31.289135	1
121.408905	31.311478	1
121.408928	31.021258	1
121.408974	31.055372	1
121.408984	31.281134	1
121.409222	31.152032	1
121.409294	31.083836	1
121.409320	31.055470	1
121.409355	31.358971	1
121.409485	31.355771	1
121.409593	31.628855	1
121.409798	31.361010	1
121.410027	31.353065	1
121.410260	31.057142	1
121.410325	31.303493	1
121.410397	31.156852	1
121.410422	31.426276	1
121.410453	31.644723	1
121.410469	31.122025	1
121.410500	31.305229	1
121.410518	31.108756	1
121.410523	31.359376	1
121.410580	31.229894	1
121.410774	31.281086	1
121.410809	31.300479	1
121.410828	31.272163	1
121.410831	31.290311	1
121.410961	31.241733	1
121.411001	31.229182	1
121.411011	31.135550	1
121.411052	31.428685	1
121.411076	31.308541	1
121.411125	31.137289	1
121.411174	31.646049	1
121.411195	31.130433	1
121.411213	31.241325	1
121.411247	31.304653	1
121.411248	31.107854	1
121.411255	31.162325	1
121.411270	31.423092	1
121.411391	31.106246	1
121.411415	31.425535	7
121.411449	31.006861	1
121.411560	31.222036	1
121.411607	31.208272	1
121.411619	31.244864	3
121.411663	31.424415	1
121.411766	31.190952	1
121.411835	31.187607	1
121.411919	31.120901	1
121.411956	31.243774	1
121.411957	31.106179	1
121.411993	31.180411	1
121.412014	31.285413	1
121.412036	31.095733	1
121.412041	31.288725	1
121.412056	31.356104	1
121.412209	31.360729	1
121.412224	31.130516	1
121.412224	31.300217	1
121.412231	31.121576	1
121.412277	31.122622	1
121.412344	31.123043	1
121.412422	31.286018	1
121.412547	31.423475	1
121.412556	31.228878	1
121.412583	31.425489	1
121.412621	31.353642	1
121.412666	31.269588	1
121.412674	31.122456	1
121.412728	31.423449	1
121.412766	31.353365	1
121.412804	31.426254	1
121.412807	31.425267	1
121.412871	31.425241	1
121.412941	31.643750	1
121.413016	31.423653	1
121.413040	31.004527	1
121.413040	31.011323	1
121.413064	31.353499	1
121.413246	31.093906	1
121.413299	31.229891	1
121.413317	31.243913	1
121.413345	31.426336	1
121.413475	31.191113	1
121.413591	31.142097	3
121.413597	31.181290	2
121.413648	31.151293	1
121.413712	31.223713	1
121.413780	31.425133	1
121.413882	31.629305	1
121.413905	31.150021	1
121.413978	31.362544	1
121.414142	31.427306	1
121.414180	31.199630	7
121.414283	31.425990	2
121.414368	31.104824	1
121.414413	31.426095	1
121.414421	31.136753	2
121.414493	31.199483	20
121.414551	31.239988	1
121.414604	31.236219	1
121.414702	31.231848	1
121.414730	31.425867	1
121.414900	31.278351	1
121.414986	31.124205	1
121.415016	31.094360	1
121.415064	31.156621	1
121.415115	31.189299	1
121.415117	31.178364	1
121.415169	31.274117	1
121.415214	31.023071	1
121.415585	31.241173	1
121.415688	31.273521	1
121.415871	31.270849	1
121.416016	31.354616	1
121.416031	31.274061	1
121.416130	31.137190	1
121.416271	31.270744	1
121.416594	31.285189	1
121.416611	31.044451	2
121.416652	31.357667	1
121.416693	31.359247	1
121.416695	31.354643	1
121.416868	31.359320	1
121.416872	31.036192	1
121.416908	31.216619	2
121.416926	31.041765	1
121.416931	31.197592	1
121.416964	31.011225	1
121.416991	31.180542	1
121.417039	31.131445	1
121.417262	31.038074	1
121.417309	31.272205	1
121.417337	31.191911	1
121.417348	31.142183	1
121.417465	31.036633	1
121.417979	31.261765	1
121.417991	31.356346	2
121.417992	31.356346	3
121.418098	31.355911	5
121.418318	31.011844	1
121.418335	31.236002	2
121.418385	31.042921	1
121.418388	31.042921	2
121.418393	31.353250	1
121.418404	31.354538	1
121.418442	31.009791	1
121.418477	31.029899	1
121.418503	31.238300	1
121.418548	31.156662	1
121.418601	31.214824	1
121.418633	31.082811	1
121.418651	31.279487	1
121.418870	31.029016	1
121.418894	31.080058	1
121.418900	31.195271	1
121.418910	31.031084	1
121.419061	31.010368	1
121.419174	31.031803	1
121.419350	31.353583	1
121.419373	31.355406	1
121.419479	31.030931	1
121.419502	31.080238	1
121.419583	31.353431	1
121.419696	31.078823	2
121.419800	31.271112	1
121.419911	31.136328	1
121.419970	31.044731	1
121.419971	31.063484	1
121.420306	31.080005	1
121.420329	31.078672	1
121.420357	31.236748	3
121.420417	31.273785	1
121.420497	31.272447	1
121.420505	31.278565	1
121.420586	31.274962	1
121.420587	31.030683	1
121.420746	31.278414	1
121.420891	31.130713	1
121.421051	31.273838	1
121.421104	31.032236	1
121.421121	31.277396	1
121.421206	31.277138	1
121.421251	31.183828	1
121.421370	31.082212	1
121.421553	30.891274	5
121.421560	31.030501	1
121.421585	31.081870	1
121.421636	31.087284	1
121.421697	31.086458	1
121.421722	31.010861	1
121.421763	31.011865	1
121.421841	31.010899	1
121.421867	31.199834	1
121.421890	31.031002	1
121.422096	31.030772	1
121.422100	31.077650	1
121.422256	31.350693	1
121.422264	31.247425	1
121.422356	31.412086	1
121.422476	31.135550	1
121.422539	31.285830	1
121.422654	31.114921	1
121.422668	31.206390	1
121.422905	31.077923	1
121.422997	31.030424	1
121.423187	31.275387	1
121.423413	31.205919	1
121.423483	31.030835	1
121.423526	31.078230	1
121.423546	31.280863	1
121.423688	31.347324	1
121.423737	31.140017	1
121.423882	31.279888	1
121.423882	31.348583	1
121.423922	31.209129	2
121.423924	31.265259	1
121.423959	31.208771	1
121.423965	31.208843	1
121.424032	31.296055	1
121.424225	31.278797	1
121.424232	31.182119	1
121.424310	31.347008	1
121.424324	31.183331	1
121.424363	31.224424	1
121.424606	31.420225	1
121.424624	31.220367	1
121.424774	31.182390	1
121.424802	31.348391	1
121.424843	31.348411	1
121.425077	31.016957	1
121.425123	31.115355	1
121.425206	31.183333	1
121.425387	31.259955	1
121.425541	31.222762	1
121.425550	31.005337	1
121.425789	31.344650	1
121.425868	31.348361	1
121.425883	31.264582	1
121.425902	31.014963	1
121.426122	31.250599	1
121.426140	31.242096	1
121.426140	31.363060	1
121.426233	31.348128	1
121.426266	31.217103	1
121.426545	31.250629	1
121.426651	31.366792	1
121.426710	31.131128	1
121.426752	31.000368	1
121.426788	31.404842	1
121.426936	31.250948	1
121.426953	31.334696	1
121.426986	31.285269	1
121.427053	31.211207	1
121.427109	30.991428	1
121.427265	31.212039	1
121.427338	30.984379	1
121.427355	31.184323	1
121.427419	31.012420	1
121.427433	31.362650	1
121.427458	30.990497	1
121.427463	31.182671	1
121.427499	31.211771	1
121.427507	31.393636	1
121.427521	31.347069	1
121.427583	31.014498	1
121.427658	31.131212	1
121.427704	31.629541	1
121.427841	31.418652	1
121.427918	31.408649	1
121.427938	31.195893	1
121.428045	31.136631	1
121.428101	31.096546	1
121.428143	31.251532	1
121.428268	31.134024	1
121.428455	31.278192	1
121.428482	31.130856	1
121.428482	31.243103	2
121.428500	31.361375	1
121.428513	30.994402	1
121.428635	31.264966	1
121.428665	31.395627	1
121.428707	31.366612	1
121.428737	31.363418	1
121.428813	31.363551	1
121.428833	31.241013	1
121.428961	30.994708	1
121.429047	31.200592	1
121.429235	31.278834	1
121.429258	31.262178	1
121.429260	31.366778	1
121.429434	31.225749	1
121.429471	30.989847	1
121.429583	31.014278	1
121.429620	31.137852	1
121.429648	31.626903	5
121.429710	31.277300	1
121.429775	31.367009	3
121.429837	31.277637	1
121.429886	30.990120	1
121.430053	31.206227	1
121.430071	30.833902	1
121.430100	31.361984	1
121.430119	31.191582	1
121.430123	31.330239	1
121.430251	31.264386	1
121.430351	31.132386	1
121.430365	31.328108	1
121.430369	31.214041	1
121.430369	31.216258	1
121.430689	31.402879	1
121.430702	31.112345	1
121.430710	31.350513	1
121.430776	30.988137	1
121.430840	31.345692	1
121.430943	31.263633	2
121.430968	31.177777	1
121.431038	31.130476	1
121.431061	30.995724	1
121.431074	31.145209	1
121.431117	30.990540	1
121.431152	31.352863	1
121.431278	31.145298	1
121.431284	31.261579	9
121.431320	31.133343	1
121.431392	31.261633	2
121.431713	31.305543	1
121.431718	31.352218	1
121.431763	31.346027	1
121.431915	31.131674	1
121.432030	31.217808	1
121.432037	31.129763	1
121.432199	31.369765	1
121.432228	31.191505	1
121.432457	31.348568	1
121.432485	31.409862	1
121.432514	31.625625	3
121.432587	31.113102	1
121.432823	31.396250	1
121.432838	31.251982	1
121.432869	31.226988	1
121.432892	31.324883	1
121.432953	31.135166	1
121.433098	31.371008	1
121.433365	31.132122	1
121.433394	31.398463	1
121.433512	31.625842	1
121.433540	31.130796	1
121.433552	31.625679	1
121.433578	31.235831	1
121.433649	31.319855	1
121.433683	31.398570	3
121.433721	31.403253	1
121.433731	31.336037	1
121.433739	31.297047	3
121.433794	31.377473	1
121.433811	31.397938	1
121.433866	31.332544	1
121.433898	31.397677	1
121.434211	31.407371	1
121.434223	31.328608	1
121.434265	31.187637	2
121.434319	31.369270	1
121.434364	31.185045	1
121.434391	30.987747	1
121.434479	31.398290	1
121.434502	30.996644	1
121.434585	31.256133	5
121.434601	31.624951	1
121.434617	31.382933	1
121.434809	31.382930	1
121.434914	31.258360	1
121.434950	30.995515	1
121.435047	31.017261	1
121.435073	31.412129	1
121.435105	31.145157	1
121.435118	31.350142	1
121.435135	31.413008	1
121.435192	31.406378	1
121.435194	31.144342	1
121.435198	31.016626	1
121.435356	31.335114	1
121.435421	30.962348	1
121.435511	31.246371	1
121.435544	31.255970	1
121.435562	31.398029	1
121.435636	31.268441	1
121.435766	31.278506	1
121.435891	30.993815	1
121.435948	31.255887	1
121.435986	31.405919	1
121.436150	31.403758	1
121.436203	31.314335	1
121.436245	31.255569	2
121.436259	31.316813	1
121.436447	31.334516	1
121.436676	31.336716	1
121.436682	31.285252	1
121.436697	31.137388	1
121.436702	31.308757	1
121.436712	31.307678	1
121.436714	31.317314	2
121.436827	31.408177	1
121.436889	30.993968	2
121.436898	31.321313	1
121.436899	31.233484	1
121.437012	31.328138	1
121.437060	31.373616	1
121.437132	31.321156	1
121.437287	31.148425	1
121.437348	31.230461	1
121.437401	31.242947	1
121.437439	31.191666	1
121.437585	31.214322	1
121.437721	31.342251	1
121.437752	31.334848	1
121.437822	30.994123	1
121.437881	31.327084	1
121.437943	31.380276	1
121.437947	31.245530	2
121.437965	31.316956	1
121.437986	31.263840	1
121.438012	31.316542	1
121.438092	31.188719	1
121.438094	31.371912	1
121.438438	31.312181	1
121.438455	31.317175	1
121.438565	31.275267	1
121.438801	31.341535	1
121.439090	31.379510	1
121.439125	31.372019	1
121.439204	30.964216	1
121.439392	31.246585	1
121.439571	31.228644	1
121.439778	30.963222	1
121.439865	31.130934	1
121.439930	31.302937	1
121.439960	30.967492	1
121.440042	31.228414	2
121.440063	31.166307	1
121.440072	30.912181	1
121.440125	31.380179	1
121.440258	31.317341	1
121.440389	31.340571	1
121.440417	30.967178	1
121.440510	31.369220	1
121.440613	31.306025	1
121.440730	30.914764	1
121.440928	31.328438	1
121.441087	30.915319	1
121.441092	30.915563	2
121.441551	31.295965	1
121.441750	31.296303	1
121.441750	31.296310	1
121.441769	31.320968	1
121.441907	31.267875	1
121.442005	30.911812	1
121.442070	31.297162	2
121.442184	31.186604	1
121.442215	31.370588	1
121.442393	31.360602	1
121.442642	31.142086	1
121.442665	31.364885	1
121.442668	31.177831	1
121.442680	31.370008	1
121.442848	31.364952	2
121.443161	31.384291	1
121.443220	31.313140	1
121.443314	30.990761	1
121.443362	31.338042	1
121.443374	30.990844	1
121.443916	31.365728	2
121.443932	31.252529	1
121.443980	30.960200	1
121.443993	31.382467	1
121.444083	31.328975	1
121.444198	31.386731	1
121.444212	31.383833	1
121.444313	31.154377	1
121.444382	31.365889	1
121.444504	31.365927	1
121.444611	31.363602	1
121.444629	31.314375	1
121.444630	30.988139	1
121.444630	31.380718	1
121.444729	31.383146	1
121.444770	31.335351	1
121.444783	31.202107	1
121.444989	30.961276	1
121.445012	30.961272	1
121.445026	31.382792	1
121.445041	30.988442	1
121.445045	31.250483	1
121.445054	31.340018	1
121.445108	31.321640	14
121.445397	30.961363	1
121.445450	30.988907	1
121.445593	31.335008	1
121.445724	30.960597	1
121.445801	31.135454	1
121.445830	31.323738	1
121.445861	30.991222	1
121.445892	31.323445	1
121.445908	31.119101	1
121.445959	30.992579	1
121.446045	30.990044	1
121.446061	31.323028	7
121.446062	30.994178	1
121.446158	30.907649	1
121.446166	31.364966	1
121.446194	31.327583	1
121.446304	30.994588	1
121.446480	31.324181	1
121.446533	31.272610	1
121.446602	30.914570	4
121.446750	30.990966	1
121.447168	31.329565	1
121.447248	31.326902	1
121.447294	31.381654	1
121.447579	31.394950	1
121.447647	30.990650	1
121.447706	30.991937	1
121.447711	30.902672	1
121.447740	30.901937	1
121.447789	30.925378	2
121.447815	31.194056	1
121.447983	31.323212	6
121.448181	31.250944	1
121.448273	31.319114	1
121.448477	31.131447	1
121.448487	31.328211	1
121.448539	31.198398	1
121.448555	31.257332	1
121.448700	31.156395	1
121.449068	31.252065	1
121.449380	31.332787	1
121.449674	30.907036	1
121.449742	31.132428	1
121.449763	31.273719	1
121.449920	31.364959	1
121.450014	31.393406	1
121.450240	31.304806	1
121.450256	31.304567	7
121.450305	31.318993	1
121.450559	31.321068	1
121.450671	31.321109	1
121.450821	31.148384	1
121.451180	31.367571	1
121.451214	31.113248	1
121.451354	31.367177	1
121.451508	31.368658	1
121.451676	31.326081	1
121.451690	31.319465	1
121.451813	31.368738	1
121.451892	30.904349	1
121.451906	31.112167	1
121.451975	31.199006	1
121.452026	31.368359	1
121.452193	31.368877	1
121.452311	31.340947	1
121.452400	31.114292	1
121.452438	31.368993	1
121.452548	31.333669	1
121.452622	31.195139	1
121.452751	31.366791	1
121.453294	31.157290	1
121.453300	31.125147	1
121.453387	31.234515	1
121.453512	31.156657	1
121.453560	31.324545	1
121.453645	31.241353	1
121.453757	30.914291	1
121.453986	31.261851	2
121.454153	31.290263	1
121.454161	31.276975	1
121.454231	31.261173	3
121.454363	31.393213	7
121.454531	30.902450	1
121.454557	31.261304	3
121.454725	31.154779	1
121.454760	31.246950	1
121.454949	31.259887	2
121.454971	31.290840	3
121.454994	31.290655	1
121.455080	30.915330	1
121.455205	30.903085	1
121.455336	30.903105	1
121.455376	31.200163	1
121.455466	31.291561	1
121.455704	31.393341	14
121.455759	31.261636	1
121.455784	31.260965	1
121.455933	31.323576	1
121.455990	31.393599	7
121.456097	31.260943	1
121.456105	31.290160	1
121.456230	31.392819	1
121.456231	31.392782	2
121.456290	31.393263	7
121.456351	31.260991	3
121.456381	31.253098	1
121.456569	31.261053	1
121.456741	31.282801	1
121.456764	30.907575	1
121.456832	31.224905	1
121.456975	31.255711	1
121.457228	31.281890	1
121.457260	31.268590	1
121.457428	31.283276	1
121.457545	30.928457	3
121.457704	30.927756	1
121.457901	31.152727	1
121.458162	31.211265	1
121.458203	31.123812	1
121.458229	30.906788	1
121.458374	31.200733	1
121.458743	31.255499	1
121.458755	30.903467	1
121.458807	31.211634	1
121.458886	31.313528	1
121.458977	30.913898	1
121.458994	31.280807	1
121.459282	31.278477	1
121.459289	31.322326	1
121.459549	31.337866	1
121.459724	30.916125	1
121.459869	31.119562	1
121.459890	31.249831	1
121.460122	31.234194	1
121.460211	31.328624	1
121.460307	31.319313	1
121.460335	30.941259	1
121.460448	31.276447	1
121.460512	31.288329	1
121.461039	31.119350	1
121.461111	31.252115	1
121.461203	31.334410	1
121.461205	31.194169	1
121.461216	31.038024	1
121.461227	31.332876	1
121.461304	31.274672	1
121.461334	31.329794	1
121.461441	31.332670	1
121.461639	31.330744	1
121.461640	30.910790	2
121.461653	31.120049	1
121.461937	31.331802	1
121.462013	31.334526	1
121.462042	31.202586	1
121.462090	30.908126	1
121.462614	31.039359	1
121.462651	31.207427	1
121.462670	30.936421	1
121.462680	31.265766	1
121.462681	31.249679	1
121.462692	31.248825	1
121.462723	31.251326	1
121.462730	31.251829	1
121.462952	31.332747	1
121.463072	31.043392	1
121.463081	31.319096	1
121.463196	31.253164	1
121.463470	31.253359	1
121.463476	31.323619	1
121.463603	30.943390	2
121.464124	31.250369	1
121.464212	31.265144	1
121.464310	31.404980	1
121.464567	31.037700	1
121.464781	30.908500	1
121.464920	31.026757	1
121.464996	31.255941	1
121.465080	31.405181	1
121.465117	31.199803	1
121.465239	31.297028	1
121.465268	31.298147	1
121.465410	31.313145	1
121.465593	30.928494	1
121.465675	31.297672	1
121.465904	31.304621	1
121.466019	29.950260	1
121.466180	31.040306	1
121.466270	31.250029	1
121.466347	30.912368	1
121.466626	31.267376	2
121.466683	31.310345	1
121.467065	31.026684	1
121.467187	31.313915	1
121.467242	31.038876	1
121.467645	30.929702	1
121.467744	30.915592	1
121.468014	30.917429	1
121.468175	30.826824	1
121.468257	31.286953	1
121.468616	31.227617	1
121.469193	31.257486	1
121.469208	30.916378	1
121.469598	30.830422	1
121.469651	31.200247	1
121.469877	31.241483	1
121.469944	31.250991	2
121.469971	31.335794	1
121.469983	30.929182	1
121.470177	31.204815	2
121.470222	31.294819	1
121.470254	31.205084	1
121.470334	31.293591	1
121.470367	31.319431	1
121.470711	31.038843	1
121.470742	31.300415	1
121.471039	31.039690	1
121.471078	31.319903	2
121.471130	31.318722	1
121.471420	31.319668	2
121.471690	31.319399	1
121.471990	31.320460	1
121.472000	31.320108	4
121.472135	31.319873	3
121.472228	31.319918	1
121.472438	30.904914	2
121.472606	31.319947	4
121.472702	30.908311	6
121.472718	31.319732	2
121.472961	31.278294	2
121.473160	31.331541	1
121.473381	31.319759	16
121.473457	31.204935	1
121.473531	30.914104	1
121.473701	31.230416	6
121.474042	30.917795	2
121.474397	31.257806	1
121.475327	31.209530	1
121.475466	31.298078	1
121.475494	31.302162	1
121.475555	31.319286	1
121.475647	31.200590	1
121.475962	31.252651	1
121.476187	31.264383	1
121.476212	31.334484	1
121.476295	30.907240	1
121.476311	31.339323	1
121.476364	31.245138	2
121.476562	31.263985	1
121.476759	31.333404	1
121.476814	31.245262	5
121.476868	31.206871	1
121.477015	31.261817	1
121.477020	31.257385	2
121.477242	31.339840	1
121.477281	31.218344	1
121.477364	30.913771	1
121.477522	31.327892	1
121.477572	31.204800	1
121.477585	31.297615	1
121.477655	31.245486	1
121.477715	31.339746	1
121.477722	31.245575	13
121.477733	31.327990	1
121.477806	31.199015	1
121.477836	31.332538	1
121.477872	31.328048	1
121.477944	31.341904	1
121.477959	31.327532	1
121.477966	31.317665	1
121.477977	30.908117	1
121.478009	30.909104	1
121.478085	30.909546	1
121.478088	31.327698	4
121.478187	30.909133	1
121.478198	31.323514	1
121.478363	31.335636	1
121.478554	31.335812	1
121.478668	31.328312	1
121.478691	31.328747	1
121.478912	30.831418	2
121.479042	31.328756	1
121.479184	31.245063	3
121.479239	31.344362	2
121.479279	31.328115	1
121.479335	30.908235	1
121.479525	30.910550	1
121.479576	31.330042	1
121.479844	31.202101	1
121.479874	31.316828	1
121.479981	31.246322	1
121.480054	31.344003	1
121.480068	31.246766	2
121.480080	31.398373	1
121.480278	31.246962	1
121.480361	31.109866	1
121.480444	31.299056	1
121.480471	30.912902	1
121.480632	31.225452	1
121.480720	31.247023	1
121.480879	30.912067	1
121.481004	31.246675	1
121.481026	31.332178	2
121.481041	31.404242	1
121.481077	31.304463	1
121.481125	30.911828	1
121.481232	31.256411	1
121.481461	31.244701	17
121.481793	31.334987	1
121.482108	31.286258	1
121.482238	31.257432	1
121.482727	31.236566	1
121.482920	31.407421	1
121.483080	31.285753	3
121.483359	31.175341	1
121.483491	31.261503	5
121.483599	31.314230	1
121.483728	31.261151	3
121.483973	31.337733	1
121.484016	31.108315	1
121.484090	30.916530	15
121.484353	31.335853	1
121.484414	30.920500	1
121.484596	31.297318	1
121.484801	31.338206	1
121.484833	31.162317	1
121.484927	31.283625	1
121.485088	31.249656	3
121.485219	31.249585	14
121.485224	31.284105	1
121.485366	31.249380	10
121.485626	31.276148	1
121.485758	31.260775	1
121.485932	31.284793	1
121.485959	31.207640	1
121.486078	31.301587	1
121.486329	30.915900	3
121.486603	31.336735	1
121.486643	31.342692	1
121.486686	31.201114	1
121.486699	31.116073	2
121.486727	31.160149	1
121.486855	31.273790	1
121.486896	31.116036	1
121.486940	31.337748	1
121.487114	31.319328	1
121.487207	31.092810	1
121.487240	31.343052	1
121.487854	31.297842	1
121.488039	31.116457	1
121.488291	30.914609	1
121.488334	31.092592	1
121.488373	31.301365	1
121.488426	31.210285	1
121.488671	31.397271	1
121.488765	31.116486	1
121.488808	31.336466	1
121.488953	31.321985	1
121.488984	31.222664	1
121.488989	31.076872	1
121.489059	31.321701	1
121.489117	31.345865	1
121.489525	31.227751	1
121.489612	31.405457	3
121.489684	30.929285	1
121.489696	31.146480	1
121.489716	31.074478	1
121.489723	31.217073	1
121.489793	30.837484	1
121.489830	31.179262	1
121.489861	31.326080	1
121.489868	31.287685	1
121.489929	31.340368	1
121.489937	31.326029	2
121.489948	30.930924	1
121.489998	31.264973	7
121.490273	31.346167	1
121.490288	31.311179	1
121.490291	30.929089	1
121.490311	31.345610	1
121.490391	31.093411	1
121.490547	29.943020	24
121.490623	31.207138	1
121.490649	31.311847	1
121.490670	31.347492	1
121.490685	31.307011	1
121.490711	31.221123	1
121.490759	31.201546	1
121.490867	31.322426	1
121.490909	31.116071	2
121.491031	31.229043	4
121.491115	31.148955	1
121.491165	31.225782	1
121.491235	31.342898	1
121.491272	31.301934	1
121.491386	31.261667	9
121.491459	31.397084	1
121.491589	31.078251	1
121.491642	31.093097	2
121.491656	31.159933	1
121.491669	31.307480	1
121.491791	31.318621	1
121.491814	31.262383	25
121.491867	31.317739	1
121.491903	31.310285	1
121.492094	31.309065	1
121.492124	31.079582	1
121.492211	31.144215	1
121.492238	31.079013	1
121.492275	31.145206	1
121.492287	31.162678	1
121.492433	31.330886	2
121.492532	31.163324	1
121.492554	31.309734	1
121.492586	31.330316	2
121.492996	31.171288	2
121.492996	31.329390	1
121.493124	31.317519	1
121.493286	31.349752	1
121.493508	31.118180	1
121.493517	31.254549	1
121.493530	31.287342	1
121.493686	31.259541	2
121.493698	31.307276	1
121.494038	31.310054	1
121.494173	31.260846	3
121.494182	31.349142	1
121.494270	31.371441	1
121.494362	31.344711	1
121.494471	31.213601	1
121.494602	31.391704	1
121.494630	31.316533	1
121.494641	31.372679	2
121.494797	31.260658	1
121.494804	31.349458	1
121.494843	31.119511	1
121.494957	30.913105	1
121.494965	31.341103	1
121.495071	31.260475	1
121.495124	31.260140	1
121.495130	31.096577	1
121.495178	31.096659	1
121.495224	31.344395	1
121.495341	31.407735	1
121.495590	31.119165	1
121.495758	31.144701	1
121.495781	31.309002	1
121.495864	31.391928	1
121.495937	31.144289	1
121.495945	31.104703	6
121.496101	31.152727	1
121.496329	31.143746	1
121.496429	31.286551	1
121.496599	31.145834	1
121.496690	31.146852	1
121.496764	31.374041	1
121.496868	31.374017	5
121.496892	30.910004	10
121.496907	31.347629	1
121.496910	31.288721	1
121.497004	31.378078	1
121.497063	31.373932	1
121.497151	31.118141	1
121.497345	31.345238	1
121.498306	31.268244	1
121.498443	31.212961	1
121.498516	31.167881	1
121.498586	30.957135	1
121.498657	31.267563	1
121.498833	31.100886	1
121.498847	31.096566	1
121.499128	31.148973	1
121.499332	31.211067	1
121.499479	31.145946	1
121.499687	31.139528	1
121.499817	31.169476	1
121.499875	31.096171	1
121.500081	31.261251	1
121.500198	31.096567	1
121.500222	31.395384	1
121.500244	31.082943	1
121.500313	31.211540	1
121.500328	31.346725	1
121.500620	31.141967	1
121.500833	31.142667	1
121.501018	31.071941	1
121.501150	31.182190	1
121.501229	31.075547	1
121.501234	31.152886	1
121.501287	31.076567	1
121.501366	31.097689	1
121.501601	31.142624	1
121.501823	31.260447	1
121.501856	31.098975	1
121.501936	31.100566	1
121.502007	30.891125	1
121.502075	31.260260	1
121.502098	31.082035	1
121.502161	31.309202	1
121.502254	31.100689	1
121.502520	31.064128	1
121.502620	31.083390	1
121.502663	31.099578	1
121.502994	31.219793	1
121.503375	31.273467	1
121.503601	31.389244	1
121.503612	31.097188	2
121.503777	31.074677	1
121.503807	31.073754	1
121.503886	31.142235	1
121.504024	31.151493	1
121.504041	31.078820	1
121.504223	31.309169	1
121.504337	31.390185	1
121.504478	31.149893	1
121.504546	31.074238	1
121.505020	31.289474	1
121.505133	31.264600	1
121.505278	31.142106	1
121.505370	31.075594	1
121.505386	31.142717	1
121.505478	31.080500	1
121.505619	31.073093	1
121.505650	31.230294	1
121.506004	31.161293	1
121.506042	31.173687	1
121.506233	31.173704	1
121.506345	31.263508	1
121.506451	31.250301	1
121.506472	31.078881	1
121.506477	31.084936	7
121.506659	31.076769	1
121.506843	31.081435	1
121.506864	31.281896	7
121.506950	31.076844	2
121.507347	31.200818	1
121.507399	31.172699	1
121.507402	31.158070	1
121.507539	31.281268	16
121.507567	31.281858	1
121.507730	31.075477	1
121.507779	31.281463	1
121.507820	31.076666	1
121.507865	31.250912	1
121.507871	31.281581	9
121.508003	31.272711	1
121.508010	31.272719	1
121.508029	31.156692	1
121.508154	31.072693	1
121.508308	31.140828	1
121.508438	31.296621	3
121.508451	31.073060	1
121.508476	31.284643	1
121.508633	31.146982	1
121.508954	31.261332	1
121.508956	31.169008	1
121.509186	31.268956	1
121.509483	31.322896	1
121.509605	31.202206	1
121.509800	31.169324	1
121.509807	31.155553	1
121.509820	31.169443	1
121.510028	30.838365	1
121.510398	31.305618	1
121.510438	31.181694	1
121.510639	31.316130	1
121.510831	31.207360	1
121.511139	31.326332	1
121.511146	31.256511	1
121.511215	31.297548	1
121.511296	31.185397	1
121.511360	31.322586	1
121.512182	31.144592	1
121.512764	31.161954	1
121.513077	30.920227	1
121.513162	31.294602	38
121.513252	31.300400	30
121.513253	31.184249	1
121.513418	31.139688	1
121.513481	31.178673	1
121.513596	31.294462	1
121.513603	30.920103	1
121.513674	31.338524	2
121.513767	31.228557	1
121.513885	31.142140	2
121.513954	31.205096	1
121.514178	31.227876	1
121.514196	31.293934	1
121.514222	31.293923	1
121.514379	31.339631	1
121.514487	31.194715	1
121.514556	31.298281	2
121.514615	31.226977	19
121.514832	31.312841	1
121.514839	31.254075	1
121.515083	31.267151	1
121.515136	31.180876	1
121.515290	31.139278	1
121.515331	31.227610	7
121.515533	31.304321	1
121.515961	31.175676	1
121.516013	31.298390	1
121.516071	31.311822	1
121.516141	31.304463	1
121.516354	31.136111	1
121.516429	31.139523	1
121.516789	31.215463	1
121.516846	31.300738	23
121.516956	31.180897	1
121.516975	31.291683	1
121.517105	31.286724	1
121.517304	31.287484	1
121.517479	31.179905	1
121.517521	31.229593	47
121.517670	31.144325	1
121.517815	31.289534	1
121.518288	31.211693	1
121.518759	31.270109	1
121.518927	31.168811	1
121.519255	31.230488	1
121.519554	31.292906	1
121.519646	31.293243	86
121.519760	31.322317	1
121.519775	31.292492	11
121.519806	31.313011	1
121.519829	31.143387	1
121.519958	31.292086	18
121.519976	31.182519	1
121.520050	31.149227	1
121.520180	31.313938	1
121.520188	31.139791	1
121.520317	31.334160	2
121.520386	31.292786	1
121.520409	31.292732	1
121.520427	31.203798	1
121.520575	31.287409	1
121.520809	31.199715	1
121.520815	31.143711	1
121.521019	31.269279	1
121.521389	31.076675	1
121.521521	31.178881	1
121.521671	31.196662	1
121.521866	31.290594	1
121.522026	31.145409	1
121.522092	31.240931	2
121.522240	31.273918	1
121.522629	31.274685	1
121.522767	31.286400	1
121.522919	31.330378	1
121.522963	31.277672	1
121.523003	31.176340	1
121.523102	31.177406	1
121.523209	31.189316	1
121.523224	31.317272	1
121.523438	31.209743	1
121.523448	31.145316	1
121.523468	31.331557	1
121.523537	31.293680	1
121.523887	31.199236	1
121.523933	31.282888	1
121.524450	31.213583	1
121.524544	31.278919	1
121.524803	30.823173	1
121.524975	31.193685	1
121.525013	31.182799	1
121.525047	31.156279	1
121.525057	31.144877	1
121.525108	31.187572	1
121.525364	31.307435	1
121.525421	31.323797	1
121.525505	31.320614	2
121.525826	31.158125	1
121.525909	31.265341	1
121.525932	31.144354	1
121.526161	31.319084	1
121.526297	31.175686	3
121.526344	31.219797	1
121.526399	31.298404	1
121.526521	31.212391	1
121.526703	31.265722	1
121.526711	31.184338	1
121.526843	31.288027	1
121.527115	31.156996	1
121.527220	31.189317	1
121.527694	31.332297	1
121.527740	31.201963	1
121.528091	31.318436	1
121.528262	31.176080	1
121.528345	31.175496	1
121.528392	31.318704	1
121.528561	31.129430	2
121.528593	31.140893	1
121.528619	31.235723	1
121.528660	31.129545	5
121.528660	31.143011	1
121.528734	31.130858	5
121.528991	31.130982	3
121.529038	31.194869	1
121.529068	31.185070	1
121.529169	31.316505	1
121.529426	31.131198	2
121.529533	31.334385	1
121.529549	31.187916	1
121.529608	31.317603	1
121.529737	31.131244	1
121.529747	31.130333	1
121.530097	31.201554	1
121.530182	31.169037	1
121.530327	31.131281	3
121.530342	31.201473	1
121.530889	31.278378	1
121.530952	31.316488	1
121.531005	31.045631	1
121.531362	31.129651	2
121.531416	31.167701	1
121.531523	31.325072	1
121.531625	31.129204	1
121.531823	31.240655	1
121.531840	31.140060	1
121.532082	31.193003	1
121.532161	31.190215	1
121.532356	31.130655	1
121.532442	31.269523	1
121.532492	31.314645	1
121.532516	31.128664	19
121.532547	31.233002	1
121.532598	31.044263	1
121.532753	31.130171	1
121.532866	31.203385	2
121.532990	31.164114	1
121.532994	31.146960	8
121.533076	31.259534	1
121.533137	31.139479	1
121.533319	31.147198	9
121.533328	31.146502	7
121.533516	31.044522	1
121.533528	31.145934	9
121.533531	31.047405	1
121.533540	31.065317	1
121.533661	31.048252	1
121.533699	31.146671	7
121.533714	31.305912	1
121.533779	31.146076	5
121.533804	31.141708	1
121.533951	31.291436	1
121.534046	31.140145	1
121.534073	31.163214	1
121.534134	31.181955	1
121.534173	31.130619	1
121.534195	31.301439	1
121.534752	31.146454	1
121.534791	31.045860	1
121.534874	31.305212	1
121.535081	31.146591	1
121.535110	31.329453	1
121.535202	31.046284	1
121.535203	31.048024	1
121.535216	31.146621	4
121.535420	31.146781	1
121.535864	31.273215	1
121.536329	31.045318	1
121.536589	31.333917	1
121.536646	31.315974	1
121.536652	31.189449	1
121.536702	31.307560	1
121.536827	31.302334	1
121.536828	31.058529	1
121.537021	31.184829	1
121.537069	31.199614	1
121.537079	31.257500	1
121.537122	31.178360	1
121.537170	31.056435	1
121.537189	31.197956	1
121.537201	31.228830	1
121.537300	31.059151	1
121.537304	30.824352	1
121.537371	31.046602	1
121.537445	31.185194	1
121.537453	31.202192	1
121.537537	31.199060	1
121.537582	31.304966	1
121.537588	31.308296	1
121.537720	31.048871	1
121.537740	31.164825	1
121.537888	31.178179	1
121.537964	31.046297	1
121.537982	31.330518	1
121.537987	31.331604	1
121.538033	31.046620	1
121.538040	31.166342	1
121.538422	31.043432	1
121.538866	31.330390	1
121.538875	31.180157	1
121.538875	31.299967	1
121.538881	31.131651	2
121.538910	31.160715	1
121.538994	31.130377	1
121.539001	31.177771	1
121.539009	31.319241	1
121.539124	31.200113	1
121.539224	31.212327	1
121.539904	31.322716	1
121.539913	31.180950	1
121.539970	31.176508	2
121.540113	31.305207	1
121.540122	31.304436	1
121.540314	31.198019	1
121.540382	31.212114	1
121.540688	31.304560	1
121.540727	31.198421	1
121.540852	31.235467	1
121.540919	31.168787	1
121.540930	31.062617	1
121.541039	31.210915	1
121.541196	31.141517	1
121.541226	31.183469	1
121.541243	31.271593	1
121.541267	31.367823	1
121.541359	31.186632	1
121.541702	31.318632	1
121.541718	31.329788	1
121.542320	31.207491	2
121.542691	30.822322	1
121.542770	31.299114	1
121.543785	31.210420	1
121.544016	31.227449	1
121.544037	31.201002	1
121.544073	31.246264	1
121.544250	31.231386	1
121.544270	31.209629	1
121.544379	31.221517	4
121.544654	31.202553	1
121.544907	31.200144	1
121.544930	31.119690	1
121.545396	30.823051	1
121.545532	31.147287	1
121.545814	31.185241	1
121.546264	31.205396	1
121.546498	31.203944	1
121.546753	31.236271	1
121.547142	31.172670	1
121.547277	31.244864	1
121.547351	31.290165	1
121.547377	31.201242	1
121.547575	31.235701	1
121.547628	31.210065	1
121.547905	31.200867	1
121.547958	31.209721	1
121.548316	31.183856	1
121.548427	31.179239	1
121.548721	31.168431	1
121.549599	31.247688	1
121.549622	31.173998	1
121.549829	31.120194	1
121.549966	31.119760	1
121.550075	31.169162	1
121.550095	31.184305	1
121.550407	31.202393	1
121.550444	31.200731	1
121.550613	31.236662	1
121.550669	31.224701	3
121.550895	31.205510	1
121.551006	31.199082	1
121.551392	31.279448	1
121.551819	31.119305	1
121.551901	31.209222	1
121.551956	31.191174	1
121.552310	31.210597	1
121.552475	31.199654	1
121.552603	31.199656	1
121.552750	31.221615	1
121.552849	31.222265	1
121.553022	31.191090	1
121.553099	31.191385	1
121.553292	31.208639	1
121.553513	31.204931	1
121.553799	31.199934	1
121.553830	31.210175	1
121.553913	31.225729	1
121.553949	30.983103	1
121.554507	31.195978	1
121.554576	31.233878	1
121.554787	31.237822	1
121.554920	31.288002	1
121.555468	31.252509	1
121.555908	31.252890	1
121.556210	30.980879	1
121.556435	31.237329	1
121.556524	31.190247	1
121.556877	31.239433	1
121.556906	31.236487	1
121.557024	31.196707	1
121.557712	31.240076	1
121.557762	31.241146	1
121.557771	31.278120	1
121.557828	31.196730	1
121.558306	31.195681	1
121.558441	31.241227	1
121.558546	30.862264	1
121.558644	31.245131	1
121.558910	31.248470	1
121.558997	31.194351	1
121.559408	31.197023	1
121.559860	31.122612	1
121.559876	31.196373	1
121.559967	31.181406	1
121.559984	31.196703	1
121.560145	31.206631	1
121.560341	31.121429	1
121.560478	31.250399	1
121.560552	31.230495	1
121.560654	31.241188	1
121.560677	31.136120	1
121.561081	31.138702	1
121.561142	31.246073	1
121.561150	31.212915	1
121.561272	31.252270	1
121.561396	31.138025	1
121.561424	31.238842	1
121.561462	31.194951	1
121.561516	30.979198	1
121.561554	31.138092	1
121.561600	31.136320	1
121.561601	31.246876	1
121.561737	31.224815	1
121.561745	31.246302	1
121.561760	31.228224	1
121.561892	31.138188	1
121.561913	31.347776	1
121.562042	31.239557	1
121.562069	31.196487	1
121.562472	31.184069	1
121.562481	31.347394	1
121.562636	31.137971	1
121.562678	30.861814	1
121.563148	31.149067	1
121.563232	31.149466	1
121.563393	31.196301	1
121.563622	31.122355	1
121.563634	31.239274	1
121.563717	31.237811	1
121.563805	31.137306	1
121.563858	31.243315	1
121.563988	31.174870	1
121.564025	30.859943	1
121.564266	31.189678	1
121.564414	31.197102	1
121.564569	30.861831	1
121.564682	31.176462	1
121.564729	31.243890	1
121.565125	31.116262	1
121.565140	31.114326	1
121.565767	31.249450	1
121.566124	31.115448	1
121.566322	31.115456	1
121.567326	31.158647	1
121.567436	31.195295	1
121.567507	31.250348	1
121.567703	31.245945	1
121.568062	31.115446	10
121.568164	31.154274	1
121.568199	31.217514	1
121.568483	31.120909	1
121.568584	31.243591	1
121.568687	31.258280	1
121.568885	31.350543	1
121.568951	31.225586	1
121.569031	39.461326	4
121.569153	31.157318	1
121.569181	31.252612	1
121.569413	31.245113	1
121.569531	31.238518	1
121.569611	31.114523	55
121.569626	31.114536	23
121.569684	31.110355	1
121.569883	31.157630	2
121.569991	31.197568	1
121.570030	31.113997	53
121.570129	31.114006	94
121.570221	31.345335	1
121.570297	31.247211	1
121.570465	31.103395	1
121.570465	31.157209	1
121.570503	31.350750	1
121.570648	31.341412	1
121.571160	31.347586	1
121.571238	31.348406	1
121.571350	31.112982	1
121.571578	31.334533	1
121.571858	31.155169	1
121.572238	31.239520	1
121.572240	31.161264	1
121.572277	31.251884	1
121.572331	31.240924	1
121.572556	31.263256	1
121.572786	31.241508	1
121.572905	31.161153	1
121.573090	31.156883	1
121.573097	31.266258	1
121.573227	31.251678	1
121.573269	31.155435	1
121.573303	31.240303	1
121.573341	31.234987	1
121.573692	31.265469	1
121.574310	31.027418	1
121.574570	31.149563	1
121.575116	31.242314	1
121.575130	31.101929	1
121.575668	31.150702	1
121.575668	31.159098	1
121.575958	31.288296	1
121.576016	31.235801	1
121.576035	31.110130	1
121.576355	31.128365	2
121.576599	31.129894	1
121.576836	31.134779	1
121.576918	31.238843	1
121.576964	30.928321	1
121.577041	31.295254	1
121.577042	31.131243	1
121.577134	31.111959	1
121.577198	31.197565	1
121.577240	31.294759	1
121.577258	31.247061	1
121.577260	31.335826	1
121.577354	31.289176	1
121.577484	31.288546	1
121.577773	31.284480	1
121.577809	31.281457	1
121.577881	31.147945	1
121.577904	31.232252	1
121.577948	31.129409	1
121.578278	31.249296	1
121.578354	31.107071	1
121.578392	31.239567	1
121.578735	31.113340	1
121.578906	31.251106	1
121.579211	31.277694	1
121.579313	31.100861	1
121.579370	31.250586	1
121.579529	31.121109	1
121.579800	31.256508	1
121.579819	31.150026	1
121.579889	31.155751	1
121.580238	31.265038	1
121.580409	31.268304	1
121.580482	31.155138	1
121.580566	31.154909	1
121.580658	31.122547	1
121.580847	31.250751	1
121.580853	31.284561	1
121.580964	31.275598	1
121.581028	31.153227	1
121.581186	31.154703	2
121.581267	31.264903	1
121.581382	31.119135	1
121.581406	31.154743	1
121.581501	30.923556	1
121.581557	31.292601	1
121.581634	31.096079	1
121.581692	31.264190	1
121.581699	31.262891	1
121.581789	31.327323	1
121.581850	31.327466	1
121.581856	31.254971	1
121.581871	31.128237	1
121.582062	31.127558	1
121.582062	31.327449	1
121.582069	31.155725	1
121.582117	31.339259	1
121.582169	31.030308	1
121.582226	31.339588	1
121.582458	31.153465	1
121.582497	31.127678	1
121.582565	31.349470	1
121.582619	31.251377	1
121.582630	31.330263	1
121.582637	31.328132	1
121.582761	31.330142	1
121.582766	31.330235	1
121.582774	31.330308	1
121.582791	31.330006	1
121.582817	31.127865	1
121.582828	31.328757	1
121.582850	31.328623	1
121.582855	31.328956	1
121.582930	31.349770	2
121.582998	31.152571	1
121.583287	31.285013	1
121.583407	31.314626	1
121.583496	31.248563	2
121.583503	31.042912	1
121.583523	31.272316	1
121.583566	31.098426	1
121.583618	31.314999	2
121.583759	30.929344	1
121.583786	31.347170	3
121.583808	31.284647	1
121.583862	31.125128	2
121.584141	31.306529	2
121.584466	31.314544	1
121.584476	31.337752	1
121.584663	31.259660	1
121.584794	31.338437	1
121.584808	31.094473	1
121.584923	31.125114	1
121.585068	31.106831	1
121.585091	31.291229	2
121.585157	31.293083	1
121.585175	31.125950	1
121.585228	31.251965	1
121.585243	31.242167	1
121.585373	31.094437	1
121.585373	31.125092	1
121.585388	31.110561	1
121.585449	31.315128	1
121.585464	31.090099	1
121.585487	31.096109	1
121.585564	31.120951	1
121.585691	31.337278	1
121.586101	31.284472	1
121.586182	31.294159	1
121.586420	37.395394	4
121.586456	31.305656	1
121.586461	31.284460	1
121.586548	31.096834	1
121.586624	31.119513	1
121.586662	31.343658	1
121.586700	31.026428	1
121.586736	31.279050	1
121.586769	31.265549	1
121.586853	31.113779	1
121.586884	31.099241	1
121.587199	31.277203	1
121.587212	31.033009	1
121.587372	31.095533	1
121.587395	31.281408	1
121.587448	31.096718	1
121.587479	31.200956	1
121.587507	31.124885	1
121.587597	31.278498	1
121.587738	31.096693	1
121.587746	31.278126	1
121.587799	31.243887	1
121.587800	31.277560	1
121.587868	31.095127	1
121.588010	31.244290	1
121.588043	31.294817	1
121.588136	31.292069	1
121.588226	31.070436	2
121.588295	31.294815	1
121.588396	31.095676	1
121.588486	31.258192	1
121.588654	31.201180	1
121.588821	31.116075	1
121.588852	31.277580	1
121.588936	31.031694	1
121.589096	31.031702	1
121.589157	31.071011	6
121.589340	31.115219	1
121.589348	31.070543	1
121.589409	31.095064	1
121.589653	31.116453	1
121.589753	31.116006	1
121.589882	31.116631	1
121.590027	31.067310	1
121.590065	31.031954	1
121.590103	31.031881	1
121.590179	31.196892	1
121.590187	31.115757	1
121.590431	31.086014	1
121.590482	31.264625	1
121.590508	31.087271	1
121.590683	31.032080	1
121.590912	30.842550	1
121.590984	31.294844	1
121.591156	31.114706	1
121.591546	31.258305	1
121.591587	31.259222	1
121.591851	31.279771	1
121.592198	29.957395	1
121.592644	31.298206	1
121.592651	31.331944	1
121.593056	31.292094	1
121.593132	31.246613	13
121.593191	31.278018	1
121.593252	31.268254	1
121.593615	31.293320	1
121.594025	31.031988	1
121.594243	31.273106	1
121.594249	31.276147	1
121.594362	31.258735	1
121.594376	31.082981	1
121.594486	31.273307	1
121.594597	31.219275	1
121.594897	31.271070	1
121.595025	31.218552	1
121.595496	31.030489	1
121.595686	31.280994	1
121.595734	31.324881	1
121.595757	31.277763	1
121.595829	31.280476	1
121.595961	31.280379	1
121.596031	31.202826	1
121.596031	31.261428	1
121.596085	31.126562	1
121.596100	31.039310	1
121.596138	31.125610	1
121.596402	31.267825	1
121.596466	31.250528	31
121.596486	31.278378	1
121.596716	31.280480	1
121.596897	31.253299	1
121.596925	31.250223	26
121.597466	31.257956	2
121.597694	31.034908	1
121.597725	31.035070	1
121.597775	31.269906	1
121.597786	31.038660	1
121.598328	31.269621	1
121.598359	31.037437	1
121.598402	31.126966	1
121.598404	31.126966	1
121.598434	31.119202	1
121.598570	31.260709	1
121.598747	31.128429	1
121.598851	31.273515	1
121.598900	31.122923	1
121.599333	31.256843	1
121.600301	31.035062	1
121.600391	31.125226	1
121.600586	31.035696	2
121.600594	31.278385	1
121.600609	31.125269	1
121.600645	31.252030	1
121.600729	31.261608	1
121.600845	31.252562	47
121.600870	31.122625	2
121.601067	31.122341	1
121.601450	31.253328	1
121.601494	31.259485	1
121.601703	31.118926	1
121.601746	31.034855	1
121.602295	31.259493	1
121.602417	31.122961	1
121.602586	31.274979	1
121.602593	31.275050	1
121.602733	31.270761	1
121.603065	31.116074	1
121.603184	31.265983	1
121.603469	31.268791	1
121.605141	31.075115	1
121.605255	31.300308	1
121.605381	31.021424	1
121.605507	31.020861	1
121.605621	31.020872	1
121.605704	31.138389	1
121.605959	31.138428	1
121.605959	31.285041	1
121.606133	31.286654	1
121.606283	31.297470	1
121.606323	31.285694	1
121.606325	31.298119	1
121.606430	31.266132	1
121.606483	31.301233	1
121.606728	31.301235	1
121.607086	31.300579	1
121.607159	31.291578	1
121.607234	31.291601	1
121.607313	30.834028	1
121.607323	31.291622	1
121.607329	31.283611	1
121.607368	31.291645	1
121.607590	31.291700	1
121.607699	31.291586	1
121.607735	31.291601	1
121.607757	31.287527	1
121.607963	31.269426	1
121.608514	31.291321	1
121.608536	31.299250	1
121.608629	31.281431	1
121.608810	31.291384	1
121.608826	31.299372	1
121.608925	31.299417	1
121.608963	31.263342	1
121.609161	31.291487	1
121.609314	31.291542	1
121.609474	31.291588	1
121.609512	31.291603	